0.0,0.0,10.0,10.0,-10.0,10.0
0.0,0.0,10.0,10.0,-10.0,10.0
0.0,0.0,10.0,10.0,-10.0,10.0
0.0,0.0,10.0,10.0,-10.0,10.0
0.0,0.0,10.0,10.0,-10.0,10.0
0.0,0.0,10.0,10.0,-10.0,10.0
0.0,0.0,10.0,10.0,-10.0,10.0
0.0,0.0,10.0,10.0,-10.0,10.0
0.0,0.0,10.0,10.0,-10.0,10.0
0.0,0.0,10.0,10.0,-10.0,10.0
0.0,0.0,10.0,10.0,-10.0,10.0
0.0,0.0,10.0,10.0,-10.0,10.0
0.0,0.0,10.0,10.0,-10.0,10.0
0.0,0.0,10.0,10.0,-10.0,10.0
0.0,0.0,10.0,10.0,-10.0,10.0
0.0,0.0,10.0,10.0,-10.0,10.0
0.0,0.0,10.0,10.0,-10.0,10.0
0.0,0.0,10.0,10.0,-10.0,10.0
0.0,0.0,10.0,10.0,-10.0,10.0
0.0,0.0,10.0,10.0,-10.0,10.0
0.0,0.0,10.0,10.0,-10.0,10.0
0.0,0.0,10.0,10.0,-10.0,10.0
0.0,0.0,10.0,10.0,-10.0,10.0
0.0,0.0,10.0,10.0,-10.0,10.0
0.0,0.0,10.0,10.0,-10.0,10.0
0.0,0.0,10.0,10.0,-10.0,10.0
0.0,0.0,10.0,10.0,-10.0,10.0
0.0,0.0,10.0,10.0,-10.0,10.0
0.0,0.0,10.0,10.0,-10.0,10.0
0.0,0.0,10.0,10.0,-10.0,10.0
0.0,0.0,10.0,10.0,-10.0,10.0
0.0,0.0,10.0,10.0,-10.0,10.0
0.0,0.0,10.0,10.0,-10.0,10.0
0.0,0.0,10.0,10.0,-10.0,10.0
0.0,0.0,10.0,10.0,-10.0,10.0
0.0,0.0,10.0,10.0,-10.0,10.0
0.0,0.0,10.0,10.0,-10.0,10.0
0.0,0.0,10.0,10.0,-10.0,10.0
0.0,0.0,10.0,10.0,-10.0,10.0
0.0,0.0,10.0,10.0,-10.0,10.0
0.0,0.0,10.0,10.0,-10.0,10.0
0.0,0.0,10.0,10.0,-10.0,10.0
0.0,0.0,10.0,10.0,-10.0,10.0
0.0,0.0,10.0,10.0,-10.0,10.0
0.0,0.0,10.0,10.0,-10.0,10.0
0.0,0.0,10.0,10.0,-10.0,10.0
0.0,0.0,10.0,10.0,-10.0,10.0
0.0,0.0,10.0,10.0,-10.0,10.0
5.8486056298602417e-34,-3.9035816014191145e-18,10.0,10.0,-10.0,10.0
2.5254861604056573e-31,-2.8862652865477626e-16,10.0,10.0,-10.0,10.0
6.1759878946111376e-31,-5.1099610107997487e-16,10.0,10.0,-10.0,10.0
-1.0848408438039489e-30,1.2181927080170423e-16,10.0,10.0,-10.0,10.0
-1.7505801980332655e-30,3.5631644909246265e-16,10.0,10.0,-10.0,10.0
4.970040325237249e-30,-1.1019623868812806e-15,10.0,10.0,-10.0,10.0
3.3220047535585603e-30,-8.1784774550753494e-16,10.0,10.0,-10.0,10.0
-1.3589796422804496e-29,1.9780261900663884e-15,10.0,10.0,-10.0,10.0
9.5013647028180149e-31,-6.2685592951662059e-17,10.0,10.0,-10.0,10.0
3.690401631709392e-29,-4.8764632053479198e-15,10.0,10.0,-10.0,10.0
-1.4956511536493896e-29,1.513568632697398e-15,10.0,10.0,-10.0,10.0
-7.6036431219601024e-29,8.7262242292943222e-15,9.9999998818254472,9.9999998818254401,-9.9999996431557427,9.9999996431556806
1.2617843726192516e-30,1.6584344878416115e-16,9.9999420409616206,9.9999420397879177,-9.9999420409616313,9.9999420397879337
1.8981432215034034e-17,-1.587014403060666e-14,9.9993262567197601,9.9993261579128578,-9.9993262567197725,9.9993261579128827
7.4488342609448215e-16,-1.1986250493743777e-14,9.9973509957347275,9.9973499707380746,-9.9973509957347364,9.9973499707380906
1.8670986466031719e-14,1.8694364383104058e-14,9.99363887007401,9.993634531129187,-9.9932621325054498,9.9932573689057289
-2.1231573760603334e-12,3.3700624136328076e-14,9.9875726349069787,9.9875599049921782,-9.9875726349069662,9.9875599049921941
-1.5608473209621717e-10,-3.6753568428285661e-15,9.9786859017806968,9.9786561081992815,-9.9786859017806808,9.9786561081992922
-7.4548915712022345e-09,-6.1601026159208806e-14,9.9643946208912233,9.964328670587113,-9.9643946208911984,9.9643286705871272
-1.1202614634704127e-07,2.720019877989658e-13,9.9481063707667321,9.9479892754637387,-9.9466934593998868,9.946571508842375
7.8200356362238048e-05,-1.8432373093018282e-08,9.9226058233469825,9.9223924455507859,-9.9226058233469665,9.9223924455508037
0.00019443722355537934,1.0923842167526219e-07,9.8906221153852698,9.890266328344385,-9.8906221153407206,9.8902663282996937
-0.0006636476672369345,2.2386350881085137e-06,9.8569809896491307,9.856454992428036,-9.8543688662186852,9.8538289001437551
-0.0019435537912614162,5.9769031158509012e-06,9.8147859799867749,9.8140227882060547,-9.8147859957991006,9.8140228044409596
-0.0024957257266091048,8.1809815012113599e-06,9.7694368701630854,9.7683947028842031,-9.769436905327904,9.7683947390120078
-0.00069082648909853789,-1.5636907363008329e-06,9.714240290809105,9.7128309302163416,-9.7142403538704958,9.7128309950470051
0.0026888658135961236,-3.2403663725398523e-05,9.6476128113971384,9.6457268369240925,-9.647612913148583,9.6457269416079789
0.0073384144039671242,-0.00012796837493360714,9.5477751623799563,9.5451201424852652,-9.5477537899125249,9.5450984216799206
0.0074471314618058948,-0.00014940475957618616,9.430805273031682,9.4272689512523833,-9.4307207412521858,9.4271165833660984
0.00070135498596979133,8.4652204626025029e-05,9.3025212989502499,9.2982757031589962,-9.2964058999993409,9.2917230033087836
-0.0079630859623095445,0.00029502939547976399,9.1552125706957614,9.1504588903938835,-9.1551226827281109,9.1493430265191247
-0.012891771495928834,0.00046160634670951454,9.0246770576290434,9.0196736413041343,-9.0183942588026458,9.0115646222646149
-0.010007878172208693,0.0005503732449854082,8.88404521362229,8.878936702277306,-8.8839504921389523,8.8760720054819586
-0.0011228450245444476,-7.8552266130289426e-05,8.7663785605736244,8.7613001482408208,-8.7662806863297114,8.7574552117463469
0.0090699683717754675,-0.00082019591817546471,8.6493871910554763,8.6444492928132188,-8.6492857620861567,8.6394840868343419
0.016501099667195134,-0.00047787341852544734,8.5293369627697029,8.5246600629733962,-8.5292319083703418,8.5183956979244613
0.015846051677217796,-0.0012949990246926306,8.4272212095402121,8.4228596338759747,-8.4224422661254241,8.4106937515044446
0.0065314580360404063,-0.0028679452696746439,8.3272011459850699,8.3231035672299232,-8.3270988644915906,8.3148819636248525
-0.0062956334040002275,-0.00071333868597819037,8.226877773309349,8.2228994204550201,-8.2267683086207803,8.2146323050869778
-0.016495762449725677,0.0043584333501397047,8.1317134136699227,8.1277177676946959,-8.1315967124390856,8.120017856448186
-0.020433941027020116,0.0072031841962006899,8.0301955274394583,8.0260689618589964,-8.0255705696641897,8.0150324914559086
-0.012753898312007097,0.0018663750243863315,7.9241778154416451,7.9198198291193629,-7.9240439168316739,7.9147779580809567
-0.00014171364941717272,-0.006270075285562963,7.8116360696549734,7.8069511070557835,-7.8114737609873277,7.8037874378522831
0.013465614370647697,-0.01229354342385562,7.6971036185341672,7.6921032884963081,-7.6969226260943717,7.6906261087787078
0.021562408479566621,-0.011126500055090872,7.58850945365465,7.5833540381947184,-7.5883525171202377,7.5825767334156424
0.022904695425373635,-0.0030651792488483711,7.4619454024567773,7.4567656917965905,-7.4618165515901627,7.4557890506134434
0.01479532200367821,0.0059337048864006245,7.3422325869408409,7.3371558819818254,-7.3421359333123259,7.335179094662899
0.00092157099670443256,0.011952403063015609,7.2263127281197024,7.2214433293212812,-7.2262547432566455,7.217831415671303
-0.012065715896805846,0.0092418098095516932,7.1112632540312362,7.1067120290254966,-7.1112872098306115,7.1008834048016256
-0.020326516492575969,0.00043101340706816916,7.0123317815022608,7.0080700559160549,-7.0124420709235009,7.0003065647282687
-0.019118255485218724,-0.0092626091190618591,6.9089887469826214,6.9048778863145168,-6.9090881577836081,6.8962863300633419
-0.0075209728350833418,-0.015543813383391348,6.802356970028276,6.7982279764863645,-6.8024444675204565,6.7902837587093581
0.0068204165671346718,-0.01259192367598171,6.7024454325360558,6.698172377131284,-6.7025151940818537,6.6918850296617389
0.020585428576220133,-0.0018505289641794175,6.5882599427412547,6.5837095392251213,-6.5883064092530912,6.5801473672338986
0.025225073438172384,0.0079412518914396511,6.4772205114150658,6.4723338004297357,-6.4771054495307521,6.4717002013401101
0.019803916482406137,0.013856982553473222,6.3655851633134857,6.360463889734878,-6.3655049588824717,6.3620128397570044
0.0065837698623364849,0.012481655275303099,6.2511007429024543,6.245897168661025,-6.2456074473566447,6.242486562231667
-0.0080733213828127984,0.0041952595402272655,6.1314110122895817,6.126258621251262,-6.1314477792414488,6.1273791943727236
-0.020344319984585246,-0.0068395659938989039,6.0198833364163855,6.0148899245926604,-6.0147853739681558,6.0086463200797313
-0.025100774968403503,-0.015684307175664707,5.8981569630902717,5.8934643279016905,-5.8983557787652607,5.8891284612880641
-0.018573822101130677,-0.016778278494576346,5.8023198245187979,5.7979236262108236,-5.8027615711373404,5.7904720086143593
-0.0059533081360757592,-0.010765334045838392,5.7111320872075826,5.7069231561334322,-5.7070771083611671,5.6927521578030298
0.0085975048185269361,-0.0009313399722508304,5.6129929889197046,5.6088353626405958,-5.6134030593107758,5.5988651749599088
0.02178141145705768,0.009637631234359666,5.5047718277367448,5.5005165070702908,-5.5005552541334923,5.4876684535846376
0.024386005321235991,0.012576156531119912,5.3872654266945865,5.382762569948345,-5.3827377412399455,5.3730937175820896
0.013349267986996967,0.0041285196457845237,5.2674435615867585,5.262584997151003,-5.2675539450329749,5.2619205090560959
-0.0031462950584662678,-0.0086888098346222901,5.1458673342209611,5.1407331246789933,-5.1457640499101709,5.1436584344185823
-0.017437801377382274,-0.0189484683124914,5.0262003183240855,5.0209702022544125,-5.0257972771428729,5.0247287331362589
-0.025957137296435305,-0.023193395238170659,4.9068103739017417,4.9016259340363701,-4.9059443049637874,4.9038403240453858
-0.024785872583197432,-0.017692310251549867,4.7956345489401677,4.7906066922612611,-4.7889851089977267,4.7842268887590524
-0.015305070435614359,-0.0062293084570950487,4.6841922001992389,4.6794377424048088,-4.6820702253154103,4.673598793158015
-0.0025940301425842228,0.0059881488832498348,4.5881615251342938,4.5837018672835486,-4.5810077695622891,4.5680988425258775
0.0094402290234328647,0.015100117296590655,4.4832337939841773,4.4789800043662442,-4.4804654514295583,4.4642065534010742
0.015496036292527297,0.01638731271405185,4.3937553007521153,4.3895394569283814,-4.3867232726826719,4.3699950796794704
0.012378973439206853,0.0080908096001909655,4.2941697267361194,4.2898674713222045,-4.292230394634986,4.2772950863489383
0.0021205555708107486,-0.0050762313955951292,4.1910508216608058,4.1864161635756201,-4.190015880019093,4.1787966853750689
-0.0097872135127661415,-0.017041133338301963,4.0927209884694564,4.0873480387414522,-4.0875560575340657,4.0811377231770365
-0.019004477601996177,-0.024095597441036495,3.9841579791181654,3.9778513176412242,-3.9846038368412886,3.9833372326017118
-0.022638284419356534,-0.023623681728030487,3.8820114987122651,3.8750921945204637,-3.8774881254820586,3.8798664750274345
-0.017441384165872337,-0.013880624781104444,3.7677549128713053,3.7604435961140639,-3.7632566073881359,3.7663164755516259
-0.0075896278039632569,-0.0014013247036371262,3.6547395430309741,3.6472927322340016,-3.6553273253122271,3.6564611040227653
0.0033590626548698935,0.010303714722423696,3.5502759958298133,3.5429117046493483,-3.5502363999055002,3.5474372770279818
0.012305394108761176,0.018088010156167629,3.4407026501640425,3.4336442916435117,-3.4397872003852075,3.4308177464466945
0.013640320068922887,0.016524717382845947,3.3418080925027711,3.3350285267078834,-3.3402964904193122,3.3244888452403729
0.0044991190486047853,0.0038753539819362079,3.2383467323626238,3.2313525953974338,-3.231615059173802,3.2105195638857951
-0.0082379645787416141,-0.010971871146059364,3.1359745535220105,3.1281470921586885,-3.1286209424692721,3.1070141404068976
-0.018623318646104212,-0.022078594322066384,3.0406219216172348,3.0314849067356073,-3.0373891391867383,3.0182900105785744
-0.023901743270652889,-0.026914759495203902,2.9316927205769678,2.9205376755784966,-2.9281492985603186,2.9145440498416662
-0.018597588285656618,-0.020075150648971852,2.821838997404468,2.8081287542879099,-2.8178928918453892,2.8112279772966215
-0.0068288703485130699,-0.0067429614966408253,2.7064459962831577,2.6901599487262846,-2.7028198237744849,2.7017475717131054
0.0067375736983239162,0.0081044852110167039,2.5885020264180216,2.5699730082932533,-2.5810434141442737,2.5802817340907924
0.016281631062297321,0.01843413633594853,2.460849873244177,2.4402434767591039,-2.461183943329007,2.454702632343353
0.016716224571714622,0.019049847706040048,2.3425225049480725,2.3202800705413336,-2.3460251698961896,2.3290590168247611
0.0069236005395978293,0.0090182368424848707,2.2445186067731866,2.2211474258645594,-2.246711428309121,2.2169710436068439
-0.0083769555640544387,-0.0065655366791477453,2.1338046030134019,2.1090784996123295,-2.1409553894077025,2.0945245280364357
-0.021807984394724561,-0.020119312166113547,2.0325254289531256,2.0018186551825736,-2.0482731352723538,1.9846168517585163
-0.028953571008052577,-0.027114141334154136,1.9421039338419392,1.8947816231652848,-1.9624609421570798,1.8762696635011176
-0.024519159567588718,-0.022304227044788728,1.8729964300795283,1.7985538128028524,-1.8975902105712832,1.7832944338779058
-0.010677957097841813,-0.0082864907941974722,1.8063155480101529,1.6830715116676476,-1.8358310246352894,1.6754613224070698
0.0047118940356356631,0.0067895178153414846,1.755200098983694,1.5654462412524945,-1.7896829746055487,1.5682055239642454
0.016257891011642808,0.017559529529550297,1.719119608160381,1.4474508219279236,-1.7583480408746781,1.4602433872633955
0.020190462831650199,0.020128908279773393,1.6953151145340621,1.3221413318342365,-1.7383947808853748,1.3353514137401699
0.011113198451579379,0.0098422594319437715,1.6859483095651955,1.1984216623670221,-1.7342428337533138,1.2163231575519238
-0.0020312966729472181,-0.0036533293302110463,1.690723064067406,1.0842298263923853,-1.7437367063748663,1.0966809180796266
-0.01723363914972929,-0.018297300512992061,1.7100640718543596,0.97125349533605065,-1.7682879622635022,0.97419485468610822
-0.026765119135133974,-0.026391614431019582,1.7457515230935448,0.86039698946214282,-1.809735234172994,0.85207352193964192
-0.025166472849707171,-0.022920707610349651,1.795012954793944,0.75795457536481636,-1.8637218762054846,0.74215854245288937
-0.014231242641103731,-0.010591720239847563,1.8518613323894713,0.66475623562595654,-1.9280588769446443,0.64263827905977344
-0.00019507362503450509,0.0039748374458603462,1.9221507309561219,0.56499086983729907,-2.0032394040501789,0.5455398315843174
0.012962084619653621,0.016818639456101209,2.0066450827974824,0.45122223751247942,-2.0883454501706016,0.44323748215703568
0.01829865313929652,0.021178256048772045,2.0902372806579925,0.33593663690163006,-2.179345177822833,0.33287914866546292
0.011593571516894571,0.013327385258420839,2.1725473002216686,0.21464296218271206,-2.2613574164687944,0.22666059894690305
-0.0013780589658764905,-0.00027074889187185666,2.2440484108100174,0.10144707347072393,-2.3358953349659561,0.12095048313749766
-0.014889986789862197,-0.013846541063142074,2.3102837975065511,-0.011045486573681845,-2.4080172391649994,0.0086110408761590398
-0.026161816077683378,-0.024718716994908966,2.3777641347860921,-0.13574283485223321,-2.4751660711366732,-0.1072987728284286
-0.027846842601204517,-0.025759063013421797,2.4305505349740879,-0.2441174836140842,-2.5323866362073306,-0.21888455330249726
-0.017604616333316812,-0.015006304210246285,2.4769718042047031,-0.35374149896326346,-2.5784348138806759,-0.32390230549765886
-0.0048482140783032103,-0.0021490191137125175,2.5059818395597184,-0.43693357370233249,-2.6086003775106645,-0.40846577212373425
0.010914372082842726,0.013376004604542193,2.5290355938965692,-0.52907575737699275,-2.6331413775284189,-0.50733417050034535
0.018769071280759178,0.020795192629288611,2.536493872231683,-0.61506986711461409,-2.6401160940819244,-0.59507207712468446
0.011624532133890333,0.013490971512794313,2.5274883197014835,-0.67107357517111166,-2.6298000717660175,-0.65906398437075564
-0.0034250105741700232,-0.0010716763601165665,2.5030724061679894,-0.71466503681036497,-2.6034505361191771,-0.70899300084509798
-0.019975068828158533,-0.016528656350649165,2.4590741673487964,-0.74421226807813645,-2.5587293089762424,-0.74541701054651177
-0.030246432534603549,-0.025450372925077205,2.4048769505778749,-0.75448515624959589,-2.5019666341199818,-0.76426798383057504
-0.028762670875495021,-0.022665503579303012,2.329640522526971,-0.74838353400710078,-2.4232076718300419,-0.76832595631261769
-0.01524150013919153,-0.0088299375715083818,2.2376430828538152,-0.72422484737096482,-2.3271906200967285,-0.75528808576452022
0.0016149823285769641,0.0071559066082537729,2.1301418902948943,-0.6822469306251141,-2.2155278769474491,-0.72497648190596431
0.014619486901640237,0.018447117462286958,2.0148284017538232,-0.62451700377529396,-2.0952005809799745,-0.67912777364465926
0.017485044529145347,0.019331887093938002,1.8975888712921387,-0.55309459191755217,-1.9700506750042537,-0.61881053216695858
0.0072175673537860034,0.0078256277055649397,1.7680508315702295,-0.4586532837014955,-1.8287416124709948,-0.53529330272535713
-0.0030171644534233441,-0.0023793243250652338,1.6860427617245297,-0.38950337764580217,-1.7379577166100826,-0.4724879734094487
-0.010504025970585614,-0.0094637649025575265,1.6356604306881835,-0.3431024527749249,-1.6761177564613281,-0.42535845029825087
-0.030741554247423628,-0.02601391020097572,1.4281332528806874,-0.11742451988461998,-1.4452979529197607,-0.21699228915218968
-0.025616265062565886,-0.018218185742807345,1.3199902944690924,0.022499548475330422,-1.3182654877607047,-0.082376018983296634
-0.011836737401656944,-0.0035278072741037427,1.2318971870315147,0.1499855437958629,-1.2117505466208256,0.041182133824363545
0.002810442460556218,0.01054357163414456,1.1592205967194313,0.26755356565783062,-1.1206192987350214,0.15557246568384919
0.013689316717956005,0.019652935155361199,1.0943048283008801,0.38754680060357272,-1.0348216263120309,0.27251528787423163
0.012811353352992022,0.016511074030108118,1.0483011930452124,0.48881431658954871,-0.96632144423228505,0.37523781906669623
0.00066742797650149008,0.0031649349144437953,1.0138962774582336,0.58722153557460011,-0.91210070356529316,0.46678961810144276
-0.014880120617869317,-0.012133161309611817,0.99708691228232404,0.66577369588169921,-0.87404985116431522,0.54271697248770157
-0.027442053573184837,-0.023334835330745277,0.99511989067359985,0.73446135229720866,-0.84929034729354624,0.60851701251715917
-0.031270747644568553,-0.025198160869939114,1.0084611795991838,0.78678819340865302,-0.8402146840558179,0.65787378558284826
-0.022524211113646938,-0.014943232620379812,1.0369405299235408,0.82529682050368114,-0.84631673489471504,0.69437886570743668
-0.0061109259227066981,0.001564490759911016,1.0899279103709727,0.85223684826164925,-0.87114604223699998,0.71598932386852565
0.0089134161153278015,0.015288787509171555,1.1547528237996185,0.85923575005487229,-0.91311176911685743,0.71866397203898491
0.016285239073446141,0.020478488774228618,1.2397675275938538,0.84926166246301471,-0.97299497093081755,0.70319570164678469
0.0088152507214178787,0.010850517616452005,1.3513518165229812,0.81815817356642806,-1.0544376831024254,0.66754458222508306
-0.0029811797957630904,-0.001564912025535806,1.4471980658701844,0.78130396332158447,-1.1304677165512116,0.62638835534715043
-0.01916829778653464,-0.017267293159542039,1.5875656548850692,0.71633342707227321,-1.2466842774755995,0.55499221433192292
-0.028591350371860093,-0.025350415417794869,1.7294783366113275,0.63872177984759892,-1.3699797274608236,0.47238563005443773
-0.026665331444227783,-0.021801524096773547,1.8710821872388792,0.5488267258848305,-1.5003828356298559,0.37809759987567981
-0.013905602050759061,-0.0082959894805102793,2.0137895924372136,0.44417736898703292,-1.6440273822769753,0.2643315772610752
0.0026599969495328516,0.0077582830544076073,2.166283816667347,0.31447416800602801,-1.7900171223184582,0.1363680295042646
0.016140871985486391,0.019612802458376447,2.3294548347152482,0.15380880357836793,-1.9578470131683554,-0.025655572915878461
0.01783605943438853,0.019433410899317924,2.4548888333207874,0.015935553450560039,-2.090367447503731,-0.16286463565896858
0.0077869711841995135,0.0085171971661107057,2.5660305249052748,-0.11666752612570544,-2.2104823814521173,-0.29366510789849859
-0.009159750932163483,-0.0075282294723483054,2.6760938778506014,-0.25864673632887736,-2.3371444988409857,-0.4383488923480019
-0.024591422352792342,-0.020441517607163801,2.7771144698228944,-0.4003963822396151,-2.4472865031221511,-0.57052614450748662
-0.033086962480698839,-0.025279458045117238,2.8568723008973222,-0.52294037477324062,-2.5448855402550121,-0.69389986409058557
-0.028507261741906955,-0.017043853137209922,2.925896526104836,-0.6408719709747891,-2.6256698424065275,-0.80225421501995531
-0.015211183285984422,-0.0022739459520204133,2.9798282163022054,-0.74711615659449826,-2.6984375710157158,-0.90760985752515744
0.0004622036894007264,0.012534307987415819,3.0194481012910086,-0.84401688065110525,-2.7547838170690113,-0.99880502463762189
0.010637899268726433,0.020133635775442808,3.0417544603973368,-0.9257613758572939,-2.7928529014307366,-1.0721036899058076
0.010832085042337973,0.017328214992505149,3.0469074234631597,-0.97964060466698333,-2.812265099445193,-1.1220056881349705
-0.00015620194430221424,0.0036905130763246314,3.0379920026951659,-1.0302248802316931,-2.8204628558667246,-1.1695609522957775
-0.015306718899600821,-0.012148847071185107,3.0110013997815925,-1.0660781270939441,-2.8105161996150159,-1.2001706490743456
-0.027403436199825756,-0.023350117640487295,2.9657827698048531,-1.084298109365909,-2.7836681376417567,-1.2132334468778248
-0.030159965058108945,-0.024404249168880714,2.9108073626277475,-1.0854562008709692,-2.7418761336038968,-1.2104752502533378
-0.020727801604710661,-0.013185776079310429,2.8309914894147035,-1.0696117345334415,-2.6813873834338171,-1.1914397049048844
-0.0056948714953949028,0.002785309285502646,2.737443946774913,-1.0373397160227888,-2.6042792060707569,-1.1561227666391274
0.0072135442900641894,0.015873180038218443,2.6277035676647644,-0.98789864833272067,-2.5065795774526087,-1.1012231000557544
0.012653506011249187,0.02108054845710523,2.4969536870672755,-0.91834473023342189,-2.3963001587139972,-1.0310181668109515
0.0056340208483014924,0.013825928176696678,2.3700273634738882,-0.84138930490305819,-2.2816271888243302,-0.9519637175179434
-0.0089207553799601266,-0.00061046009346115435,2.2304992111275523,-0.74542086356386006,-2.1504228967466341,-0.85400445466209929
-0.02291894378152555,-0.014234219950495281,2.0947145495006496,-0.63943069900629634,-2.0187196700603005,-0.74605973161761285
-0.03333560108472898,-0.024119252000913936,1.9357354172501553,-0.49781614473418817,-1.8608462261543077,-0.60224412767048874
-0.031193358105786703,-0.021585322676658546,1.7940205381316194,-0.35538290067102263,-1.7172221825411,-0.45798426312813101
-0.017159563136472423,-0.0078003790236056639,1.6544011051882661,-0.20161902222853034,-1.5676975069052803,-0.29628778432319369
-0.0016696558371809495,0.0069242174815849229,1.5350732089946255,-0.059812158742857967,-1.4483549618187725,-0.15933606158039698
0.010975464576848388,0.018420325274104466,1.4169640642953927,0.090824146374905379,-1.3227367330304904,-0.0072971577543559634
0.014742398778681392,0.0210483194257007,1.3281170342087261,0.21219158183139888,-1.226676352895228,0.11518971654207363
0.0057720572681986123,0.011249993436346962,1.2425418159714388,0.33772168977560163,-1.1286242249216518,0.24721933176183911
-0.007465632712134013,-0.0018931937173732316,1.1757329488197668,0.44419894574387481,-1.0538670848875262,0.35437201791472717
-0.024066175180980236,-0.017427716449158054,1.1064764541076091,0.56797049927199494,-0.97645367096262936,0.47462059713582055
-0.033259159500963378,-0.02499864147138324,1.0612092564909315,0.66427473213413035,-0.92054741762628733,0.57217462645990513
-0.030613871206673374,-0.020692056692841031,1.0326375412329003,0.74349612043772617,-0.8814864228296464,0.6526207305645304
-0.017664827755025644,-0.0075686434233281589,1.0191537054305897,0.80665192606448377,-0.85700854702095641,0.71960388091191274
-0.0019779185495427919,0.0065888027755634133,1.0197651166648343,0.85894393035775352,-0.84751418560542136,0.77056693598161696
0.011885992365929776,0.017520781642852975,1.0345944388209987,0.89541495324811815,-0.85184052174831904,0.80831690518414756
0.019764933199334866,0.020381900905483991,1.0702629057628845,0.9210010653266868,-0.87628075342737166,0.83612858677710566
0.013588643214085377,0.010418551176057948,1.1183318864324039,0.92750257143844206,-0.91193788602089187,0.84340258641855248
0.0010717182750073163,-0.0039316859863615401,1.1789119608805936,0.91932890247469512,-0.96184193488147063,0.83664407871125124
-0.012730701959561063,-0.017627666963533409,1.2499749202037356,0.89834307977679917,-1.0227067098157341,0.8170458783852681
-0.022853639454273329,-0.026105721112844146,1.3382996817937993,0.86229764723175473,-1.1042037377007068,0.78057853804971489
-0.024118001281777667,-0.024283428288300567,1.4557779736705125,0.80383367231246639,-1.2058262659330585,0.72564605723810882
-0.013438785004713627,-0.010844819963823797,1.5791450194976913,0.73390754436543282,-1.3241901125826137,0.65359168362838427
4.3716888214314666e-05,0.0041110588322134769,1.7083636810935157,0.65189567302101936,-1.4400689134097466,0.57734234728416289
0.012914410805055272,0.017607460733140019,1.856247535627487,0.54574269547106491,-1.5899891945164211,0.46969448026554239
0.01820747294550543,0.022825399302485977,2.0000610336294287,0.42846649325682595,-1.7273441942971948,0.36061739700630674
0.013040977611453959,0.017340923663159681,2.1238882709329512,0.31571646066112391,-1.8531963036329813,0.25118225812457623
-0.001731899442611031,0.002445266270273928,2.2681209518254231,0.17216738151533201,-2.0082681907483844,0.10554086031256638
-0.016346400975537238,-0.011982563348715641,2.3940502936935957,0.037229511100440663,-2.1400513631350417,-0.025981101747510307
-0.027729428829445138,-0.023022250329028774,2.517474277945233,-0.10344196063300411,-2.2709668632274767,-0.16297423218151205
-0.029428505700992952,-0.024330084043258985,2.6450426546028707,-0.25815261977278275,-2.4083523916125391,-0.31344331698800459
-0.018225186231571922,-0.013137120877492333,2.7501188849974993,-0.39395710634393366,-2.5189354446148084,-0.43997009842642015
-0.0056302656740495512,-0.00086490443649691793,2.8239334384694588,-0.49517124727733264,-2.6016796210830484,-0.53837820221023258
0.008952399899671476,0.013043012070621994,2.898435255465841,-0.60412712669080149,-2.6906216290958369,-0.64874091149745805
0.017778930757131526,0.021038880959583069,2.9631674036136189,-0.70739651702141648,-2.7665546776521124,-0.74829070133375686
0.015789285271612767,0.018296832704592612,3.0139457393893823,-0.79873925281557656,-2.8264384831810196,-0.83242237574139077
0.0034108901382228557,0.0057015872686845678,3.0503574937678906,-0.87729331446533421,-2.8752318232079777,-0.90796361432552386
-0.01286033027716533,-0.010120271742127568,3.0726789188190762,-0.9448795641971075,-2.9106623381626724,-0.97252885843459902
-0.026320661997541277,-0.022623579680767104,3.0787774212297361,-0.99529052492802428,-2.9294417075645978,-1.0201663644408996
-0.03127369316949466,-0.026325783844530114,3.0689542115809694,-1.0324231622564699,-2.9327047165618882,-1.0556209193618509
-0.021686440821166136,-0.015819201419254643,3.0409445115975378,-1.0538775595703092,-2.9178523890429533,-1.0736344990720801
-0.0055500099238857863,0.00022638112715954038,2.9946312168095903,-1.0574020125430335,-2.8863623248088035,-1.0741883903188207
0.0071513836309599604,0.012207409825927735,2.941487529131543,-1.0462985772431734,-2.8448491439465169,-1.0610216466706825
0.016553269180791346,0.020285047172330976,2.8717960899335058,-1.0207377811366085,-2.7843411029708687,-1.0318140144014003
0.01519279108511597,0.017345857379801446,2.7835409264247009,-0.97864378818216968,-2.7116810388408128,-0.98928222775049579
0.0045418686330965397,0.00583757699299901,2.6893713038441907,-0.92652466014809165,-2.6290589632796175,-0.93545657628513879
-0.011313511545551408,-0.01004905865677851,2.566578451328176,-0.85121102790509129,-2.519369512723356,-0.8581113002444607
-0.025009478048595438,-0.02295380415121499,2.4234856473862165,-0.75436935479408429,-2.3888225791594118,-0.75965854836038615
-0.030767732635990221,-0.027366642010776314,2.2770375163761982,-0.64344522770876533,-2.2509022862116863,-0.64730421359630019
-0.022765099094084668,-0.018144134241048469,2.1336332004016167,-0.52158812970707291,-2.1128849632011222,-0.52400112112074737
-0.0091247168781067051,-0.0042772118362646569,1.9911160135216437,-0.38697515204945421,-1.9736131632129186,-0.38798459829840631
0.0076060531797612048,0.011659717630727141,1.8348726551474437,-0.22610905147992216,-1.8189743514102845,-0.22565337885933337
0.017548205482987102,0.019993280816479785,1.6925319327394939,-0.068769683163075815,-1.6765347583502725,-0.067055504639198335
0.013850962974831234,0.014560266096348615,1.5603165686265774,0.086507258355814284,-1.5429239538705961,0.089329188462657028
0.0017999133751005164,0.0016909055326349864,1.4538282457435865,0.21857387354337174,-1.434323314405654,0.22224659136776059
-0.014397081761986369,-0.014372075811188859,1.3494405150738165,0.35535147292495789,-1.3226325371949303,0.36535357945740843
-0.026059917271591182,-0.025089248459259937,1.2548892189938914,0.48759566958351769,-1.2283388829555704,0.4927455698235646
-0.027304134253951021,-0.024745383425778849,1.1757614325915031,0.6075764213930076,-1.1446287872361287,0.6132567630613952
-0.016412472409072308,-0.012829629665878401,1.1150171447736128,0.70985506209113458,-1.0789858390534532,0.71590314666708876
-0.0011270965241745026,0.0027416234518354904,1.0712950029630648,0.79503824982125804,-1.0301769878894609,0.80131019317397167
0.011563083115731169,0.015097418629464154,1.0412027403926656,0.86973421452914979,-0.99442478778285248,0.87610832922762372
0.017174848668208325,0.019951257274962185,1.0273042173613862,0.92928489485603127,-0.97455550244156519,0.9356309974286019
0.0080907680355989109,0.010155092451429712,1.0303328196189456,0.97464433273514084,-0.97130945504906863,0.98227279660688793
-0.0084475709593175435,-0.006268679403837454,1.053934183685848,1.0039903345472263,-0.98737292371801044,1.0098549694712138
-0.024499885786872424,-0.021448345615957726,1.0968231065807545,1.0125497255433491,-1.022986910249357,1.0179744322720699
-0.031009217433483401,-0.026840130180263835,1.1541053786108362,1.0030147406801124,-1.073377695812765,1.0079241496856375
-0.025073530523911206,-0.019907538597027135,1.2246402839373665,0.9782159800570619,-1.1375607111497845,0.98230454781949395
-0.0086268797208600284,-0.0034845818378894033,1.3228351465593937,0.93109216507921977,-1.2328647560552795,0.93208369794866042
0.0063383041305173065,0.010453200562939512,1.4303255948230746,0.87011486499608315,-1.3304539400835822,0.87259538060138131
0.016861762762620535,0.019106304606714721,1.5535967123260843,0.79242305203770325,-1.4535422195978758,0.79013349338081074
0.014202175318648792,0.014248577813724086,1.707697823620578,0.68453278135824713,-1.5987256620253518,0.68543024023239429
0.00077870554778404922,0.00022438141645807902,1.8459381313198311,0.57564108386382751,-1.7379067646160089,0.57612827966388569
-0.016072434600036448,-0.015485555350382442,2.003923028798539,0.43530797145467315,-1.9003992920877295,0.43566024647885188
-0.027661761030373704,-0.024876067504447871,2.1354241542381174,0.30585891711812613,-2.0380688817281278,0.30680145652809437
-0.031084930311195396,-0.024857511376433477,2.2735929136217221,0.15926048051413483,-2.1909243746829108,0.15550180689255516
-0.021279817477306891,-0.012613687829594706,2.4038724419227973,0.011734813403359814,-2.3255464966903467,0.016091098841111689
-0.0070331507264542181,0.0021522956254077584,2.5195178415137245,-0.12700900013277028,-2.4523729719722338,-0.12020984018015446
0.0072104066871178166,0.015167970957592335,2.63765601986238,-0.27738669504856839,-2.5843646016493604,-0.26734893074650212
0.013560263736663613,0.019043071378270136,2.7335351146440963,-0.40758858081679084,-2.6939585310431786,-0.39419688859106849
0.0052912905090066499,0.0078786011770494435,2.8219594135715549,-0.53705295455195345,-2.7980442858331096,-0.51971182227069879
-0.010131644993827005,-0.008676517520630922,2.8933586556343367,-0.65260700472397881,-2.8888046408364554,-0.63503434102869405
-0.023514340363055171,-0.021770628003097359,2.9434811261458922,-0.74561728352808976,-2.9514303932086334,-0.71999876330161505
-0.029946255240627315,-0.0269504759089749,2.9790469863530045,-0.82752257094483017,-3.0035547858668266,-0.79752573044196173
-0.022126992958772167,-0.017698106295117547,2.9975683546069973,-0.8955999593810704,-3.0396099479679051,-0.86093513609529215
-0.0083334946446841258,-0.0033887157382389271,2.9982591025738756,-0.93903505189466707,-3.0553279333365628,-0.90035517698702716
0.0067657531494060711,0.011451517691551352,2.9811134330058051,-0.97310382651429461,-3.0561100222821351,-0.92962828031611644
0.015349782719378346,0.019190186069123091,2.944292687173816,-0.98802791311624782,-3.0373485705112353,-0.93972631565910147
0.010529278843259613,0.013555906458312492,2.897636963692241,-0.98542821826277205,-3.0060436242734503,-0.93303534080033179
-0.0021136366109221543,0.00078044938783180823,2.836683629028907,-0.9686808050034218,-2.9604816408836054,-0.91220133592912012
-0.015443080024007953,-0.012094170288853429,2.7689424551217918,-0.9411552986953684,-2.9067437149998248,-0.88096867776596122
-0.027552954699860622,-0.023247803876433156,2.6769295868384071,-0.8949998884914685,-2.8306517518102501,-0.83043964533258252
-0.032738707646008024,-0.027257333687790465,2.5799577933752458,-0.83904121456059733,-2.7479115896459563,-0.77045696673789998
-0.025629687447990251,-0.019100045033041683,2.4600867749638082,-0.7628581370168519,-2.637902620763299,-0.68563845326408956
-0.011416258039029032,-0.0049916745753173768,2.3215870817434379,-0.66655803573107453,-2.5176165242634716,-0.58863202456457786
0.0038967906103920934,0.0091734423711902508,2.1871947691606035,-0.56343484515541431,-2.3852685865133196,-0.47666900869065448
0.014733493426238062,0.01811831661685959,2.0437768294547176,-0.44158750201969815,-2.2456112812376645,-0.35049799209960375
0.01601444465056006,0.01718750775168372,1.9011583831121233,-0.30821136552608369,-2.1094678339641204,-0.21944666728311388
0.0080521402665786248,0.0078730706201498527,1.7861520634493016,-0.19316415421581215,-1.9925224436704847,-0.10187932558024272
-0.0061057630307917322,-0.0067225803967783191,1.6580992363691915,-0.058099844660979436,-1.8602245172514051,0.035789121503997656
-0.021102178578715457,-0.020861785607110987,1.5213258116867574,0.093946029022947269,-1.7109580059734648,0.19656744294430539
-0.028893136360818909,-0.026919816541399955,1.40058364799638,0.23515752006663371,-1.5874596166739559,0.33397555413689933
-0.024295068493669133,-0.020458438656006946,1.2916502760615962,0.36904635280246534,-1.4689197013135633,0.4700058171910525
-0.0094580936419370529,-0.0048667550035291704,1.1919758277870336,0.49846641365630551,-1.3581777135808204,0.60156365094606834
0.0063476369259891519,0.010227830210582428,1.1074019017373671,0.61576714083834216,-1.2617108045574255,0.72096647613970999
0.016028257885024218,0.018358009824032611,1.0436382274052822,0.7116798640945966,-1.1834910693891398,0.8228024162384997
0.015114942296358789,0.015340590637656099,0.99020379015176796,0.80175983574702681,-1.1201022261509268,0.91106644525122626
0.0034462358550098899,0.0024134347988050992,0.9572591224307565,0.8680735056983252,-1.073806184165093,0.98215796820623058
-0.013564170180027427,-0.014711036913018345,0.93571379324969095,0.93005856533585651,-1.0400046429277792,1.0437691345445377
-0.026870147384919333,-0.027073981886788733,0.93334941503544833,0.97364353396826164,-1.0232850420006663,1.0913266009817622
-0.029546250916422826,-0.028367798579837122,0.94747438308125886,0.99642636391581496,-1.02554295127642,1.1158627636540894
-0.020976710163048636,-0.018726552137102444,0.97380364952360954,1.0040317950739297,-1.0400073527217513,1.125013413889419
-0.0080773927831474922,-0.0053465823434751024,1.0152439170442376,0.99828472982837735,-1.0694766502153097,1.1217962103320873
0.0050262442907901776,0.0077169290240594237,1.0652929106653664,0.98074173215822824,-1.1086811166471229,1.1066604683401038
0.014126598189182283,0.016439390113048527,1.1305891574351081,0.9495777374570108,-1.1655419496277435,1.0764523017239309
0.014763219317362112,0.016471633137289388,1.2171411021944569,0.90035314751648177,-1.2368593574587761,1.0319307402990707
0.0042415432425559358,0.0056566832455972023,1.3194637119611647,0.83524925766256031,-1.3269340949465138,0.96998134261949831
-0.010832008214666199,-0.0092479732712762112,1.437264781769015,0.75447368717563978,-1.4329159001895033,0.8922007293953641
-0.024177296116555985,-0.022097016222977415,1.5626011568854994,0.66278773260738399,-1.5483003465349954,0.80379638424024513
-0.032168283008415732,-0.029338348268112609,1.7087514178063743,0.546650721713968,-1.687933110509418,0.6916183100202894
-0.027846175370949508,-0.024484964907517014,1.8401848962161187,0.432650145211671,-1.8174091084954147,0.58055450962229582
-0.016002090855082664,-0.012608063149453673,1.9779876894155317,0.30424178627243148,-1.9561934654413067,0.45387405436170641
0.0013498084029904232,0.0041160973440368355,2.1311582919793453,0.15308132824754669,-2.113428530898303,0.30312156273458257
0.013847956073839193,0.01554222406999769,2.2832677552592258,-0.0045034631145535672,-2.2723002845692206,0.14458589914806314
0.01594943191069563,0.016464218695407627,2.404167244728225,-0.13470777041051804,-2.4004637455643194,0.012665474301548713
0.0069260477330011392,0.0067377820520288208,2.5115492038081504,-0.25410080512462468,-2.5157928176995545,-0.10904462037758453
-0.0069555397257303276,-0.0072269473144984907,2.6190054393780113,-0.37746991911047395,-2.6328230952834311,-0.23563171330190835
-0.022272435469502139,-0.021937128619009441,2.7187347746890791,-0.49617631673514462,-2.7475876996513078,-0.36326317549632431
-0.030108200776801371,-0.028830153859503403,2.801562579490164,-0.59890034047180796,-2.8368430672625089,-0.46557433920217206
-0.025796327090064679,-0.023451744225085103,2.8766540065318051,-0.69699816778148804,-2.9271377558979772,-0.57297980851291774
-0.013842953924481349,-0.011836704892120471,2.9250730889550276,-0.76456132577487024,-2.9848353503400054,-0.64484896577657536
0.00067222668065924397,0.0011510718210272363,2.9628226773845494,-0.82190786493479651,-3.0298246239468631,-0.70396760790108381
0.016734716026489765,0.013888302512464198,2.9955665889259917,-0.88055676565375429,-3.0754334054646306,-0.76977265397780781
0.024182817911162034,0.017236638624925672,3.0088407057178377,-0.91695535447202658,-3.1000491387114173,-0.81292383972559434
0.018758106403741041,0.0078080228591895593,3.0067285462811775,-0.93901884059522456,-3.1096817969603272,-0.84242521189032049
0.0052467359995805657,-0.0072745281778481405,2.9892170325409251,-0.94460397417703923,-3.1026796326504855,-0.85571332364702057
-0.0090720557024974672,-0.02077862290935405,2.9546224635049243,-0.93394173094812405,-3.0801827476715511,-0.85296503385833766
-0.018455931580932675,-0.027842703356177924,2.9129642213885734,-0.91204313918112734,-3.0460345421086048,-0.83704423265823225
-0.019575509040823905,-0.025192614037008405,2.8474836286104805,-0.87000572085167038,-2.9936342569828351,-0.80476349355090515
-0.010485381575526635,-0.013291442739402302,2.7725581231592336,-0.81628066794695286,-2.9287656753430027,-0.75924376538585636
0.0017989362193798024,0.00013308717624511447,2.6884648436907042,-0.75216748918418885,-2.8537936991385835,-0.7027981863345909
0.014202232289673346,0.012224928377030226,2.5822041674064762,-0.66742612698633552,-2.7568834819511023,-0.62621880060098911
0.020386209144792406,0.016373500459334667,2.4393728873199807,-0.54887859108408299,-2.6183379318125946,-0.51238484274178864
0.012768544832167416,0.0067220283520428607,2.3111980231674103,-0.43691678307820964,-2.5011045431528705,-0.41260372476341806
0.001074719805235924,-0.0062377092459008042,2.1834392021952644,-0.31832378242031084,-2.3757274602511336,-0.30043854150753246
-0.012507564064919274,-0.02056222621259925,2.0537929339721357,-0.19160301389306852,-2.2460978508631095,-0.17795017833500851
-0.023120300831702703,-0.031424186181670803,1.8949089190177448,-0.029580133179824993,-2.0784303694216044,-0.012016849541455505
-0.021254473592657301,-0.029423449577260608,1.7474365507938385,0.12639179265402734,-1.9325208512455208,0.13781301657705713
-0.0093098414687135395,-0.01743341722597791,1.6242913142654176,0.2604836724479242,-1.8040086534091717,0.27346047134556584
0.0062449283093333856,-0.0020464205986050763,1.5089980916498842,0.3892938508563632,-1.6823768099573484,0.40494827576980735
0.019981059299050856,0.011396665854674535,1.393669532638649,0.52169262462829546,-1.5592529193479465,0.5413204350858668
0.025481930337558037,0.016594270384489532,1.2785590932552013,0.65825358147502977,-1.4345172836655251,0.68342125756305039
0.015981286104009798,0.0071308954526116929,1.1904188860932812,0.76698043721579823,-1.3372375264495386,0.79784456923050395
0.00071061202225791535,-0.0076512481844811277,1.1221000407795019,0.85511953138081087,-1.2569537085895672,0.89572984164266845
-0.015323709919283439,-0.02279951952319155,1.0618070839360734,0.93781361589397572,-1.1874268486325528,0.98457589464303763
-0.025399995197143744,-0.031778819051390773,1.0168928104109778,1.0057273261387747,-1.1350114069540493,1.0562106606363437
-0.02417261185685346,-0.029549654009391708,0.98867953562119226,1.0563793243757984,-1.0969465122189415,1.1140195524034451
-0.010411658150443658,-0.01559149760155531,0.97504502508690905,1.0937069038776841,-1.0728986859967677,1.1590858929035726
0.015152440719627064,0.0080361442225978692,0.98710580394639724,1.1194802657673784,-1.0682813245040823,1.1975641546858735
0.02614215905688682,0.01647084344663239,1.0194810994237815,1.1130712987515816,-1.0891579322277292,1.2001008898749028
0.023889504617906867,0.011720457942050209,1.0646410829560893,1.0908610301778314,-1.1241093099902777,1.1859400071510262
0.011964388131871981,-0.0010732014873130451,1.1193657603923792,1.0569872924224515,-1.1695026944400313,1.1595035733613503
-0.006867237097139752,-0.018470379299983537,1.2124828896487982,0.99125495219559112,-1.2501476475005915,1.1037985466245412
-0.020564490020679463,-0.028962905285492748,1.3062599925796425,0.91962312297708182,-1.3335996750808303,1.0405015250607081
-0.02531479527232991,-0.029370088622671365,1.4154513836469282,0.83219626942807667,-1.4373172640177343,0.95744688485614771
-0.020560959486363755,-0.021726478656730826,1.5109963417122689,0.75311374268207742,-1.5206195351817249,0.88852480465264005
-0.015690797838241389,-0.01574808428962457,1.561768399243779,0.70997659128535717,-1.5677683964237032,0.84880731897466721
-0.010443709308882962,-0.0099199584511375886,1.6140861248768676,0.66455458213509744,-1.6168981022058795,0.80679767551198855
-0.0034213994265855901,-0.002717083774920285,1.6857643617696505,0.60058246920862601,-1.6850614659256586,0.7472147197859299
0.010642542350052374,0.010065145839399412,1.8207942320222745,0.47531104470058344,-1.8215327775455821,0.622620001369385
0.016195124604297267,0.01419588106003823,1.8952239271716556,0.40418138812719029,-1.8945236150725213,0.55324602603267492
0.018761362075681888,0.015571799794380196,1.9447887481164212,0.35613643224870767,-1.9434308741132151,0.50590612816147229
0.02023765141183597,0.015494441731750453,2.0064354118489871,0.29569993726367366,-1.9984505041102674,0.45192775833896504
0.018327584732702421,0.011025525696165377,2.0856840365620775,0.21699214229615579,-2.0835675233770465,0.36707129584832815
0.01322579012148632,0.0040280860830849618,2.1693925368390756,0.13271122780546504,-2.1615706208528396,0.28800105527574105
0.0022752707142543807,-0.0087235163968722492,2.2793693959984447,0.020309995431543996,-2.2727795151564165,0.17328350268646739
-0.0048475979942373465,-0.016281706841105158,2.3462150272272622,-0.048909141058445307,-2.3407962897095755,0.10201499417525542
-0.0093073398005899654,-0.020795617692415173,2.3948382418539276,-0.09968656076344308,-2.3904730406944568,0.049435742901801125
-0.013267864139151146,-0.024641747782332458,2.4368862558013689,-0.14389335669099179,-2.4335720541588697,0.0034518300930656172
-0.018949580506501203,-0.028122379151392464,2.6064080360104982,-0.32512229222711575,-2.6087574895903534,-0.18724013439359161
-0.0058564042109457261,-0.012885432608447935,2.7231544216466537,-0.45329536171500517,-2.7310067495901325,-0.32462661209894017
0.0075081082008418981,0.0016715078743650582,2.8019445082492815,-0.54198670113820924,-2.8145544001949427,-0.42137982387191769
0.015896506504995297,0.010719011899254163,2.8545929888549484,-0.60270490821855405,-2.8710742275266536,-0.48874787752634929
0.022234525386793783,0.017854614707651571,2.9139451169462935,-0.67341090128562475,-2.9358642571924181,-0.5689546899207516
0.0067377132504253447,0.0035206937713369757,2.9821770679330708,-0.76165142224535609,-3.015103421925402,-0.67659769815786452
-0.026093975407402381,-0.027855574367490733,3.0047499991337117,-0.81524656522098027,-3.0509894488927323,-0.75615301364141152
-0.026610179710768931,-0.02817051529384532,2.990791639128024,-0.81128123999193813,-3.0417747227652634,-0.76167736350892679
-0.019152848256217211,-0.020899308694379368,2.9694034455479459,-0.79878903602151707,-3.0246065639522732,-0.75782550036572027
-0.010455829527231068,-0.012621793651416127,2.9454412036417992,-0.78210765117778636,-3.0040971976784143,-0.74835757048574036
-0.005613391197048654,-0.008080260735650234,2.9334218752340506,-0.77319367472155975,-2.9916751275326128,-0.74147787237338081
5.1594370263314225e-05,-0.0028272796437761958,2.9135140055193731,-0.75792093561443419,-2.9757422668470199,-0.73189214773006217
0.0042467321798431591,0.0010162357912174909,2.8991012109012351,-0.74658169227132243,-2.9626012980983214,-0.72351068240517502
0.0095748206328190606,0.0058259949983211993,2.878460689962576,-0.73001733711604366,-2.943510739285522,-0.71073324464344501
0.021667251007018655,0.016103446801337594,2.8105549356705302,-0.67366697495951211,-2.8795150834974761,-0.66443394419632618
0.014481593743049651,0.0059379398136238208,2.6487633127676609,-0.53289423116920898,-2.7230682244440585,-0.53859552090579432
0.0050651909502709234,-0.0035405109206411338,2.5908338198260985,-0.48145289284986936,-2.666017350967548,-0.49052381650409044
-0.01026705603961469,-0.017900167630778022,2.5062355418892674,-0.40604101550438898,-2.5782954221055987,-0.41568863481598717
-0.018009700667993737,-0.02453621831133666,2.4500298086141137,-0.35592243567125159,-2.5259791648941938,-0.37078224402411247
-0.022912132584609661,-0.028137067310718657,2.402929943564621,-0.31400732661664016,-2.4787828213930805,-0.33023425831459596
-0.024712828694776354,-0.02866470741574513,2.3679708744947185,-0.28299541073301437,-2.4436388943927616,-0.30007671914285061
-0.02372301756419213,-0.026578755521933443,2.3375718996167527,-0.25613730656301692,-2.4129846841862226,-0.27383343412144412
-0.016506021867529717,-0.017678020481346455,2.2801855115651937,-0.2059352401100239,-2.3547415661178985,-0.22446342605433578
-0.0072436030749272688,-0.0075845964127349008,2.2306905978950238,-0.16346504727141256,-2.3040099285604572,-0.18242067961983396
-0.0021580336308813482,-0.0023268928988495387,2.2091501264117177,-0.14531295161072869,-2.2817443647744136,-0.16435274216591295
0.0076678035028244339,0.0074162631760452029,2.1720346349139565,-0.11468622382825934,-2.2429960307681998,-0.13367061428181645
0.016934809476699435,0.015922115571248265,2.1277803717740911,-0.079798941605452478,-2.1958379365706673,-0.098396485921053198
0.019974190010981881,0.01779495672073491,2.0990249790249034,-0.058856130174695598,-2.1625548445486782,-0.07588796467993672
0.017264274425577965,0.014205449137530803,2.0815461919243581,-0.047484968205403183,-2.144275899558389,-0.065073812036648054
0.013375589337352278,0.0097873054667766725,2.0728011687322683,-0.042554462928370576,-2.1339014949863113,-0.059795328015037723
0.009161524879114603,0.0052076993749054189,2.0648180388557478,-0.038911422391678017,-2.1239746750526445,-0.055709579799076515
-5.0440054707179445e-05,-0.004395296396994125,2.0562525239245804,-0.037148852203642849,-2.1113956051186742,-0.053004058897906117
-0.0058771016747331487,-0.010281093004598552,2.0531077295757902,-0.038693284615032228,-2.1064676435380116,-0.053812559425286836
-0.014398602412609641,-0.018673150861903957,2.0528189390297236,-0.04362160645856742,-2.1029281108376274,-0.057560154619414189
-0.019033943989759411,-0.023105858836365952,2.0550327622244033,-0.048512308715490331,-2.1028052218836417,-0.061414801514715164
-0.023299803161828118,-0.02702069959080362,2.060141906290287,-0.055710096446968518,-2.1051557997720849,-0.067127125379982541
-0.025789043460193027,-0.028931058653508167,2.0702416153246976,-0.066760657965766523,-2.1118638252311155,-0.075864778760716636
-0.02320588800635132,-0.025731566892927406,2.0817343743368473,-0.077422471681376975,-2.1205272859056263,-0.08410173095678769
-0.014252682184238948,-0.016402202517982516,2.0977656244573755,-0.090312748913207785,-2.1333247319169542,-0.093545517901196917
-0.0059309734787448675,-0.0081464896300126894,2.1084075171374694,-0.097743517800203517,-2.1420313541549501,-0.098496875961437164
0.0081189908406320115,0.0052307319104217707,2.1261083615246226,-0.10759654150849095,-2.156584966186391,-0.1034732415863481
0.014524456640226464,0.011058704573638764,2.1334658206807133,-0.11020502490410722,-2.1625445408723167,-0.1034982406296155
0.02121859010026695,0.016705062111729813,2.1412851259836496,-0.11078490819655391,-2.1686300582305091,-0.10041484801227267
0.023238936179528432,0.017972381480682857,2.1448238926948413,-0.10905842932663787,-2.1713381278008814,-0.095715762950101271
0.022595512384856138,0.01645381149204829,2.1469733534309428,-0.10505478109511616,-2.1723485645235256,-0.089655779184117892
0.019521831003475803,0.012789732514267252,2.1473238600762108,-0.10015080523155818,-2.1717357895878693,-0.081973403280878737
0.014706032003236046,0.007499789289495724,2.1461122969553408,-0.093041399063438737,-2.1696826468050805,-0.073949385679098215
0.0094973719559257978,0.0020354951002499017,2.1430675075370424,-0.084257449217213509,-2.1656116390654114,-0.064119725168764102
0.0030642491959776896,-0.0044805792393078575,2.1386674542370061,-0.07497628623199773,-2.1595412148882831,-0.05365621851546417
-0.0035827212843999616,-0.011013220006529259,2.1317375793804065,-0.063205939242276243,-2.1523250261459097,-0.043976838866460033
-0.0093429588733065401,-0.016521379823941893,2.1236025138096619,-0.051559326053871833,-2.1434392988844158,-0.034281456698423626
-0.014005856751886368,-0.020856534153149642,2.1136557683411499,-0.039204282456206885,-2.1329228284194071,-0.024766878113327381
-0.01845751967248125,-0.02483807455993978,2.1033217712064891,-0.027850133655762496,-2.1222616549665227,-0.016609792228800678
-0.0214887079390116,-0.027373100400613339,2.091635038241197,-0.016328136630532449,-2.1088358086177044,-0.0079620687951405204
-0.023620308916357333,-0.028870946920251488,2.0769411186160105,-0.0033602497116177075,-2.0958358372377401,-0.0008774463294788956
-0.024130390677095933,-0.028758579410113796,2.0625690763215538,0.0080039352541069822,-2.0820677863007235,0.005536285533727623
-0.022654289404474337,-0.0266660029684616,2.0452090499375397,0.020426747270517503,-2.0659192987792721,0.011835692879243709
-0.019180664480178931,-0.022651340855730683,2.0289727018836592,0.031011267639568064,-2.0511880110265159,0.016527499302344484
-0.015174363009572128,-0.018304439337061704,2.0121963808770333,0.041048438299617067,-2.0344129376373901,0.020683715632859753
-0.0098969623682191345,-0.012813378815090676,1.990753159883603,0.052670593375234095,-2.0176368100524145,0.023553031772047456
-0.0040570494146135467,-0.0069481484891734616,1.9712601250300772,0.062112847795326651,-2.0010614408485781,0.025040340888138932
0.0026630188189935679,-0.00040699933383194138,1.9518098063352385,0.070465173678754961,-1.9831000712811184,0.024974014087289467
0.010983284724589308,0.0073951935410278957,1.9220994694503235,0.081031749687639307,-1.9607752695124829,0.022210349465771394
0.019641111547941931,0.014975684601305831,1.8877494233353429,0.089415983593710516,-1.9341632776575601,0.014309670487266966
0.023465453946201722,0.017733976598975555,1.8651639162158002,0.092096403988975853,-1.9176224151632848,0.0066416548619321466
0.02416787684348529,0.017598274629766528,1.8476562742678913,0.092129262555224592,-1.9054791330098946,-0.00051122390450011098
0.022722203517766975,0.0154143451999782,1.8346131631987292,0.090670764902527179,-1.8969380853723339,-0.0064824810547027024
0.019306084155663216,0.011340266624891744,1.8224971057405757,0.087877134543641836,-1.8886631516918171,-0.013248626710668598
0.015351138186924072,0.0069582255808116819,1.8100591080830486,0.083135804081917022,-1.8825590767006097,-0.019143513663106883
0.010741404144540535,0.0020806400065251081,1.8012934354545747,0.078321526286383142,-1.8782295354554459,-0.024098065308710438
0.001675118543904861,-0.0070537921616846862,1.7864109066424385,0.065864490366713491,-1.8722940268500377,-0.033677895484619899
-0.0087619586061000072,-0.017007412426755741,1.77432419857838,0.047720984083151445,-1.8711633743547849,-0.041242587789653604
-0.016033338626187915,-0.023521182221878972,1.7685887424802931,0.031026836311208249,-1.8742410848289051,-0.045685945366898933
-0.018743343971734147,-0.025789109528325457,1.7670741827382828,0.021633631537358609,-1.8774645091788862,-0.047145682322005875
-0.021804681112176427,-0.028093028850871136,1.7667904878923353,0.0093749789642541461,-1.8832420123019835,-0.04793495571377912
-0.023436779645865258,-0.028868425999616427,1.7681429657983068,-0.0015280156975487468,-1.8908258118038701,-0.047419863815046502
-0.022560900808104415,-0.026859731171846868,1.7725213844484555,-0.016260062618003335,-1.901254491076114,-0.04527709714770204
-0.015789637463616227,-0.018705093046996153,1.7847934296226586,-0.037797986677145283,-1.9232947892489014,-0.037807970309592223
-0.0084566820676487617,-0.010714719250939891,1.7984789881630963,-0.052593884020194125,-1.9433758335451754,-0.028945281007791052
-0.0021480489357229428,-0.0041500965239263769,1.8110301169662235,-0.062652637152753071,-1.9617713904172225,-0.020023647473902166
0.0035811821331523915,0.0016408398673826553,1.8234039714243093,-0.070592558245997403,-1.9773761155740486,-0.012154473552513392
0.008994455911323529,0.0069754749353085205,1.8365238368042625,-0.077382336446633226,-1.9932030153242852,-0.004048160555339405
0.013276872980619442,0.011085222873857782,1.8502220441329769,-0.082906263007723441,-2.0072727117718987,0.0031717991711420783
0.016840626689580994,0.014392277896092032,1.8611890617284781,-0.086237184769234546,-2.0194648399895492,0.0093807098150222208
0.019988701034754808,0.017118156097476023,1.8771594722772187,-0.089413589427710521,-2.0381771874088739,0.018710597064330089
0.021357053138925722,0.017969619251158062,1.8932398892276994,-0.090621610016605278,-2.052889391561767,0.025764216206484954
0.020279069896350487,0.016371218837113916,1.9075712797947786,-0.089956043623605333,-2.0684002293951718,0.032784160443352001
0.017050809068082168,0.012692629135477619,1.9215700786342589,-0.087568800674499708,-2.0814511217867246,0.038209436954615685
0.012697256362222917,0.0079878250783700054,1.9350717328287601,-0.083439475184521494,-2.0922190911132237,0.042211290612454766
0.0081607442870548722,0.0032268450783375022,1.9479149494253565,-0.07750772063378282,-2.1032867593562128,0.045679888188200887
0.0025314715295213443,-0.0025511997322364673,1.9586810060863402,-0.070737080695564572,-2.1131399491412091,0.047946406042366219
-0.002673887656901866,-0.0078029213379452456,1.9699600922330616,-0.061494236384759857,-2.1207961211405371,0.048868174467440205
-0.0078057226038861912,-0.012910155336812388,1.9780055152603138,-0.053132407976934942,-2.1273458345559608,0.048691148136111861
-0.015371469764158143,-0.020310613534837013,1.9910002987076731,-0.035273471805695872,-2.1349944272913062,0.046262241068236065
-0.020423880430877825,-0.025127953490805294,2.0005398201449527,-0.016819594475360852,-2.1399855053521231,0.041281717770675838
-0.024063316912755598,-0.028408218282340386,2.0079679557429251,0.004469591451493545,-2.1419554918213888,0.03317297265218247
-0.02464713631007704,-0.028673423778875603,2.0112193606406872,0.019598035915307118,-2.1411068750042523,0.026309744690809066
-0.022542648425976228,-0.026308361896289809,2.0128415995588922,0.034779100375646549,-2.1379796674933562,0.017892575045129502
-0.018663371125305344,-0.022275608770151629,2.0126539610302943,0.05145488626960984,-2.1331719738710344,0.0098988125748783375
-0.013207901117186073,-0.016771206619547872,2.0106298453616653,0.066082485601168903,-2.1256344318837814,0.00085531254915107075
-0.0082027466668802406,-0.011825057248620418,2.0073872739378169,0.078658947846778002,-2.1179295871465436,-0.0063120413146731252
-0.0021669674815205371,-0.0059589767212051229,2.0021575045213567,0.092188712314137361,-2.1074937775073015,-0.014117322078336903
0.003953100337980511,-0.00010667668128656708,1.9953080467171418,0.1048636743232311,-2.0952652575105346,-0.021489902503189478
0.010422719744323935,0.0059679720479841039,1.9861544604908188,0.11777474647594244,-2.0796572058703959,-0.028955998915098133
0.015588539865145086,0.010706182463303231,1.9758006351711133,0.12929762098094058,-2.063965586246117,-0.034814094120787627
0.019820197912138609,0.014455401763492207,1.9669235908080871,0.13741876538450987,-2.0470635177904093,-0.039718219101250861
0.02284297632523306,0.016952499912726408,1.9553895709149893,0.14608748310438099,-2.0292693087856386,-0.043548791308350543
0.024311124259272888,0.017925340280132433,1.9460176744341695,0.15176022842441594,-2.0129369700441941,-0.045964112561294235
0.024279422968001708,0.017381175690585574,1.9366842974414875,0.1562483549486044,-1.9963115997496763,-0.04737425402446694
0.021422969368074647,0.013981485291402206,1.9264059999686765,0.15981487575916567,-1.9753726493985002,-0.047623738011781269
0.017330891475099724,0.0095480260665949303,1.9165403136136008,0.16174344522737746,-1.9586819529411217,-0.046538795322378979
0.012939569887108253,0.00496708046455483,1.9082545748080182,0.16202955800124985,-1.9401569687594928,-0.043877761083034018
0.0073557624404270508,-0.00069123493705506786,1.899619375446675,0.16068938761910856,-1.9220623065585658,-0.039661271605966081
0.00072968055254956461,-0.0072331131757532221,1.8910450098271718,0.15707033034222692,-1.9045397314319839,-0.033922615611555615
-0.0052185004618575679,-0.012971195224357522,1.8837037890878241,0.15117079731846075,-1.885969712958371,-0.025793961202953342
-0.011373359946389282,-0.018764576967221006,1.8782797806714786,0.14389029009586354,-1.8685668625032454,-0.016092254567234638
-0.01615385237484045,-0.02312221904653166,1.8740873582182012,0.13474094404154499,-1.8555957353602663,-0.0074851425406790607
-0.019179320168263229,-0.025764785835182508,1.8717342354389765,0.12635307367293777,-1.8435543001115935,0.001651985974700467
-0.021956598256606799,-0.027991225848846377,1.8698426065480667,0.11247823164642171,-1.8312078474820821,0.01233208701056205
-0.023249575642621569,-0.028678353723675717,1.8696257809496117,0.09983771072896705,-1.8202226385485019,0.023202691999060273
-0.022089151614789027,-0.026823373634438898,1.8711034694378519,0.082191353792881242,-1.8106855096480798,0.034042205168760872
-0.019196338091953865,-0.023490538478886908,1.8742671868667509,0.064701130805738277,-1.8026766105301431,0.044648470722003002
-0.013739138650168004,-0.017626876196486112,1.8798353947018918,0.043903649900913541,-1.7956600342444908,0.055935360622375953
-0.0090031595253398829,-0.012746624740222492,1.8858315295295225,0.026513228522520665,-1.7911136103550787,0.065461037391904453
-0.0031569151620695845,-0.0068983051037142546,1.8941463484333187,0.006426024512835026,-1.7885316449885196,0.073295508223728364
0.0028996671143745674,-0.00099868121207789037,1.9040722341841323,-0.013985078806096406,-1.7873214421406645,0.081268378361100291
0.0081688347059709725,0.0040113992141703574,1.9141292962063432,-0.032219630016692286,-1.7879571457277674,0.088225098469662325
0.012494109891948393,0.0080281766321604522,1.9251049229364943,-0.050375636513275875,-1.789759705303039,0.0928559875371823
0.017413384577474697,0.012452402078032276,1.9367742457412096,-0.068311393120170913,-1.7937972076687709,0.097715413609608892
0.021702532372856964,0.016079683016270861,1.9520257750488585,-0.090226993393870705,-1.7998072183360727,0.10124945657831283
0.02421015172547537,0.017906677626125366,1.9661079193292004,-0.10929852973222731,-1.8087785523490332,0.10354691795908626
0.0251208560657783,0.017981272608845914,1.9818541372896814,-0.12957620750773441,-1.8188894552659192,0.104071775015376
0.023049889275136189,0.015102427008638676,1.9974250281812083,-0.14871344430597883,-1.8323042594124002,0.10285832578744677
0.019342909502029652,0.010851225359291129,2.0125590082658746,-0.1665410700819896,-1.8478267517658657,0.099717965655781185
0.014068964533711179,0.0051795178425702131,2.0256100877740804,-0.18133848768010208,-1.8653367865861077,0.094459406050769482
0.0085478348504306363,-0.00049535602447580817,2.0379583910623205,-0.19484695606313232,-1.8824853458134672,0.087906375586037103
0.0019452091253161078,-0.0070434220658411309,2.0506797803609738,-0.20822923511048444,-1.9026671422708512,0.078708784217188271
-0.004670129859048534,-0.013388941126090022,2.0621756352589595,-0.21978315391305533,-1.9215889901414722,0.068777248638701258
-0.0090511473130945076,-0.017467574533504695,2.0703790931859074,-0.22763587173491431,-1.9387851627484303,0.058869727885589973
-0.014613115994813452,-0.022455779923951185,2.0784485832185084,-0.23492304964830565,-1.9583181506367657,0.046817029526949334
-0.018616195821431591,-0.025818036528382816,2.0851929235933722,-0.24050640813203819,-1.9799854225573308,0.032654658762044993
-0.020890506616663595,-0.027523252035636037,2.0899997925423044,-0.24398792810150541,-1.9949844487388855,0.022450406589844773
-0.022528351885145688,-0.028350490274012125,2.0939925195547011,-0.24618485440895232,-2.0139065677360546,0.0091874230057860454
-0.022142137005480574,-0.027085576648858325,2.0964105461871747,-0.24650884694756153,-2.0322647004256282,-0.0040329598609916521
-0.019019895248190959,-0.023110930319055149,2.0971807253542485,-0.24491003827152982,-2.0499041409578918,-0.017010113339875309
-0.015389056150869369,-0.018947442453797529,2.0962358488316051,-0.24134249024984936,-2.0666834046623692,-0.029561289317030455
-0.0104859752714975,-0.013610365024790339,2.0939061331894395,-0.23648429389415315,-2.0824727643187155,-0.041519436212127489
-0.0049436410237493379,-0.0078232696280129289,2.0896086602700641,-0.22914252914766836,-2.0955801743753386,-0.051527000751501802
0.00089816689905675433,-0.0019181989694160937,2.0835251346767922,-0.21982141808515743,-2.1106147398099591,-0.063056830746517412
0.0054163814402534436,0.0025348436126958786,2.0766143386708329,-0.20988338586083766,-2.1201775905357687,-0.070391601217342295
0.010906707795953492,0.0078102822510235821,2.0683371394248002,-0.19844140304113725,-2.1312290198833597,-0.078828380239812076
0.015739452962380527,0.012298075370508409,2.0574692151923437,-0.183766320302857,-2.140801114255479,-0.086044663263171992
0.019242087122032469,0.01539899224465918,2.0465212077953243,-0.16904628099348742,-2.1480028027259022,-0.091351451333824218
0.022267132819017064,0.017813485428962769,2.0314919350844409,-0.14855050245755749,-2.1545671056627524,-0.095989213463844481
0.023387624719289769,0.01837072423531649,2.0169592443962987,-0.12820460434027012,-2.1594375206058021,-0.099131985737120801
0.022583004374115815,0.016876217482849974,2.0017446652470396,-0.10627316778840853,-2.1625509726670722,-0.10069905794423768
0.019542811029539527,0.013235805419741117,1.9861337848800855,-0.083104381065844335,-2.1638494307399299,-0.10061615477586981
0.015311713908506441,0.0085367405969728888,1.9721314923236115,-0.061744067299874653,-2.1634366699521896,-0.099101927971387505
0.010259170902730234,0.0031552215302786792,1.956442555574982,-0.037125183503774112,-2.1611646608682551,-0.095720390178227949
0.0059141367791964473,-0.0013427205513018405,1.9427106944656751,-0.014927153730524275,-2.1575290646265808,-0.091204319525987482
-0.0031756286467820895,-0.010484887137522429,1.9211646326238092,0.021328491726685939,-2.1476983768950468,-0.080062685457474442
-0.011125149284915876,-0.018222901551713987,1.9009927477773496,0.057254704033353129,-2.1359389104151663,-0.067416818566462464
-0.015815450399684041,-0.022646266838223416,1.88806089693122,0.081633515928392436,-2.1238020391107018,-0.054761078554389379
-0.019836108878766679,-0.026275041197883695,1.8748627923085814,0.10801238007076695,-2.1100263182233117,-0.040672800690174635
-0.021912199885031451,-0.027976911502506772,1.8652954397475325,0.1284415639793593,-2.0996573065210895,-0.03020044125221966
-0.022781669654086564,-0.028426750841637913,1.8556866007004236,0.15057476787082311,-2.0857115908659112,-0.016248926870510022
-0.021292787770907061,-0.026392708733416075,1.8473950331247448,0.17168299573514739,-2.0697162556826472,-0.00039877477860852679
-0.017785777804710846,-0.02251155874215327,1.8405115567374235,0.19164605442664842,-2.0551401829787843,0.013924314441350578
-0.013201040557072465,-0.017679764667031202,1.8351196571318624,0.2103531974775012,-2.0422265821994117,0.026525438723017405
-0.0084617733583115546,-0.012834527349810892,1.8312960833262002,0.22770236515841377,-2.0279297812409194,0.040381434484924282
-0.0019522680413945664,-0.0063492186674305034,1.8291113886451558,0.24359950327634097,-2.0125456858521575,0.055175430207436593
0.0047575515690961101,0.00017558635283114791,1.8286847887939486,0.25945481683599209,-1.9993337342389141,0.067774628771198983
0.010563770658377427,0.0056952205406710487,1.8301665441574893,0.27201023803833801,-1.9868800364776029,0.079545304831827618
0.015804358404376911,0.01055184066152052,1.8334604776645342,0.2828760270107894,-1.9753237576215184,0.090354212302179451
0.020174007036156554,0.014454812103122591,1.8386086326294198,0.29198541386289967,-1.9647925890279381,0.10007877886667133
0.023100388185360823,0.016907648420821361,1.8456237342820658,0.29929522409267378,-1.9554037898501719,0.10860615467226194
0.025205489496103583,0.018356159186134931,1.8545290566568258,0.30473864614439899,-1.9472650959813989,0.11583238625107631
0.025159258403392084,0.017671171864904252,1.8653164434563856,0.30827504941396594,-1.9404755239792082,0.12166168802483934
0.022599297759964262,0.014556277786908055,1.8778984698341892,0.30992722453541272,-1.9351260898708431,0.12600579161301217
0.018559905434467547,0.010126549856292084,1.8938865202327289,0.30944520193061109,-1.9309728513979398,0.12899196329270779
0.01359647698102473,0.0049349089620290909,1.9080656903156419,0.30717849327952884,-1.9290755268484892,0.12991944654705778
0.0072797412385823632,-0.0014271366789646816,1.927220813546751,0.30192392566360166,-1.928566510626202,0.12917279523760619
0.0012274491319646784,-0.0073372243476175361,1.9454722528698287,0.29491380448979421,-1.9299459701532837,0.12662345190041829
-0.0034792938327816185,-0.011823982519693842,1.9622496482282679,0.28688542747165113,-1.9326228808397461,0.12287651374608313
-0.010448662797035492,-0.018276844459365067,1.9836728611657464,0.27443156999352469,-1.9379455860247148,0.1161648662562166
-0.015404377476262759,-0.022674620936239814,2.0031239848710487,0.26096600974909279,-1.9444958909879515,0.10828115321602759
-0.01937050816309218,-0.025978741967984942,2.0246540353065154,0.24351663129479256,-1.9536212368836761,0.097450041171702639
-0.022077480337194522,-0.027934387012661557,2.041643397592912,0.22770026126949117,-1.9633380793824893,0.085787788075769381
-0.023265402180714937,-0.028197229835917745,2.0623818839629799,0.20564736990793275,-1.9742617352682943,0.072363031203446046
-0.021854814479032279,-0.02594332497419025,2.0804232132640199,0.18377043404627588,-1.9874460800741072,0.05573695197948865
-0.019347299073043674,-0.022894124890255281,2.0939266238373193,0.1654621092280423,-1.9971115796770211,0.04328310568260272
-0.015107168599887961,-0.018115912087877929,2.1122191010750488,0.13749808842431663,-2.0098340201698788,0.026560135218935556
-0.0094109349113744994,-0.012043284506312053,2.1291901799387012,0.10784315857170067,-2.024087524625235,0.0073634415318455035
-0.0036786213447326066,-0.0061840281620549418,2.1417157371698088,0.083211622352266285,-2.035386345951653,-0.0082329952205890729
0.00094399559777541087,-0.0015944294889578823,2.153231488070551,0.058004502065435462,-2.0464433505684774,-0.023866623078485416
0.0068006203264517253,0.0040657484546760938,2.1648999632353929,0.029198434654327539,-2.0584372541542684,-0.041316227530516468
0.012807078081334897,0.0096733903216461546,2.175124712508969,0.00015822432805823097,-2.0698021953392498,-0.058435631324045563
0.017415998951996796,0.013781870764038778,2.1838276215991486,-0.028888912390342338,-2.0803882362247261,-0.075050165271661279
0.020635784252651439,0.01645901604659571,2.1909365242128485,-0.057735873681978064,-2.0900579999025961,-0.09099996745638253
0.02303003784859237,0.018147122310844289,2.1958633463491424,-0.08305616595984866,-2.0986854099973131,-0.10613840764389493
0.023842008973885612,0.018255915249894169,2.1997835163346364,-0.11102141356168276,-2.1053853008512196,-0.11880451369585852
0.022195183210315262,0.015706296696321325,2.2020573452639707,-0.14126060883606967,-2.1123591652789253,-0.13345322978856985
0.018746505391765367,0.011590275259011285,2.2022515176804438,-0.16468964565532634,-2.1167332200457203,-0.14412705198275563
0.014277624089968176,0.0066074703209575989,2.2006974121659724,-0.19010968593356928,-2.1202879717917904,-0.15492483856083331
0.010262897842010486,0.0023086605941927871,2.1977053075656494,-0.2117750234965585,-2.1221684300258561,-0.16337129006320375
0.0039899849503798697,-0.0041888780579132142,2.192489165002145,-0.23499735159018861,-2.1227400398137046,-0.17230520577512187
-0.0018350872520553174,-0.010046063253832329,2.1852769950719204,-0.25689865712280063,-2.1214895427082325,-0.1787153137420168
-0.0074594342095531691,-0.015559535077005185,2.1749127066063632,-0.2795868740081584,-2.1184992867455184,-0.18350169212288669
-0.013067062201466837,-0.02089827799451624,2.1634643016046744,-0.29843392417216796,-2.1131015914454072,-0.18686210865676542
-0.016793901104158758,-0.024314687025204878,2.1500532615362,-0.31573747404443431,-2.1072071387053635,-0.18803305949741006
-0.020180019813055467,-0.027211318410425171,2.1347812756597651,-0.33146077841134081,-2.0989372864824682,-0.18770802302557579
-0.0217480439467823,-0.028256867941587736,2.115686775377704,-0.34685922221888227,-2.0877854278259971,-0.18519921976976356
-0.02137877932065092,-0.027303277286790554,2.0990221448686484,-0.35752405234846529,-2.0761239902825159,-0.18082288710684585
-0.018161337260438767,-0.023528938190054367,2.0768342944501108,-0.36873764193327496,-2.0632796493542918,-0.17445002851798011
-0.014911387709936906,-0.019996359132100697,2.0606186116785854,-0.37516334563486325,-2.0526800933325835,-0.1681329264308091
-0.0099450956531436027,-0.014797599962419866,2.0391914795161385,-0.38167679821801703,-2.0368778023914222,-0.15700871432610605
-0.0042979142440788872,-0.009078919138133152,2.0149178029215555,-0.38657373227152514,-2.0222656493694267,-0.14496372231160776
0.0017108637093665199,-0.0031562788671788081,1.9953588301125891,-0.38869113822394841,-2.0075285965120631,-0.13108798626725857
0.010299019269669644,0.005059945620518082,1.9637265178336452,-0.38866227118695856,-1.9880527575698841,-0.10987097020209796
0.015699805614064654,0.010056393260400675,1.94220031608518,-0.38608695564997592,-1.973838368996921,-0.092231693545309024
0.022391768949994197,0.01592425222517771,1.9097824668861463,-0.37785247661392052,-1.9514129451876627,-0.060528633656621311
0.026090491477683522,0.018609042082381389,1.879164402076362,-0.36440840736876173,-1.9324447769194046,-0.029381196328494358
0.024335588560512576,0.01553012585427707,1.8450059074129721,-0.34138390174637739,-1.912689929791894,0.0090662921549994994
0.015241491873635871,0.0056036123128622717,1.8102543780792784,-0.30575891176469983,-1.89574816620829,0.051195891906057736
0.00029266107141681327,-0.0092014309169590296,1.7803530926015187,-0.25901621073617509,-1.8837397764765811,0.098712544375121697
-0.010561652890465262,-0.013749874018206916,1.7627099669472739,-0.075288653745351819,-1.9334712873340563,0.20683131846002115
0.015164649716865193,0.011367133501760445,1.8147913089347261,-0.012563442824413375,-2.0008284717853626,0.20816567432813954
0.021893956540496796,0.017013872363900999,1.8393188781008587,0.0017925555593686872,-2.0247985729609357,0.19953881841660859
0.024964713077474492,0.01878526818977341,1.8654448886362851,0.012091804682789744,-2.0479506220182215,0.18654466382858192
0.023709540613632847,0.016290297634521094,1.8883764526007982,0.017526750705474822,-2.0666192761586974,0.17252639309773296
0.015511545203749897,0.0066688502622700291,1.9243763191481897,0.019481393547036263,-2.0930546218124153,0.14682245292957827
0.0065156151943768434,-0.0028585448342277448,1.9532953431292914,0.015024343531749161,-2.1115855611874386,0.12351484466228331
-0.004380539598574788,-0.013737976276807513,1.9814232095630968,0.0051806943072191039,-2.1268221555361349,0.098665111220705384
-0.016327860410466709,-0.024837227712946313,2.0124032813837722,-0.012038926690918054,-2.1387545476241474,0.06848885360398492
-0.020604608138601828,-0.027819251535028063,2.0349177539019752,-0.029908445445462509,-2.1410066122071405,0.043786182809670074
-0.016803015535728123,-0.022877138572790282,2.0467182933820918,-0.042727834804011294,-2.136230184793237,0.028731585048176623
-0.010499548948927045,-0.015902149673459785,2.0522402586878941,-0.051206844538800304,-2.1289420773274639,0.019913339829161058
-0.0046073445722626801,-0.0096710430348668167,2.0545340654678697,-0.05722820542045861,-2.1195727522616954,0.013893619054558666
0.00046697914050308591,-0.0044375827143089044,2.0547988004805537,-0.061222231714194143,-2.1123467322333402,0.011165827951947288
0.0049551453972544327,0.00011574569644938991,2.0538539491256,-0.064040350799191029,-2.1041824369790794,0.009357412767127659
0.0080905651828160688,0.0032597154943127243,2.0521699357518952,-0.06591915440486544,-2.0964437099554711,0.0086271467665481449
0.012257428037309739,0.0073912321441430328,2.0496975951812457,-0.067285065512558209,-2.0880930815134597,0.008692587675279459
0.017012257299547813,0.012030168869300081,2.0445518131157718,-0.068310367694999749,-2.0731537338597912,0.010473165505422115
0.020066031761227728,0.014947488395461775,2.0393697423427559,-0.068135815004292194,-2.0621272051229602,0.012924596181682515
0.022125702023926747,0.016863120199358643,2.0332869141191483,-0.067050900305301503,-2.0523896898502736,0.015807214242709911
0.0240747040746511,0.018557291667019318,2.0254346049509664,-0.064655629835000866,-2.0374650568440442,0.021294950786722659
0.024357468087229869,0.01854759863621061,2.0157298312708569,-0.060457219022557886,-2.02405890426206,0.027100573904239384
0.018184174550553878,0.011903405556615485,1.9934751518753842,-0.046417850649359868,-1.9926189938541865,0.04309459875868886
-0.0064716037774327703,-0.012610943944959261,1.9481010874020022,-0.00056974799916682112,-1.9346655212938264,0.077995915065034782
-0.02205268559592502,-0.027069510570767306,1.9157770717143807,0.049446230038944515,-1.8995091683987881,0.099977296744931984
-0.011700256722094649,-0.01592827406442043,1.904816925840074,0.086924841301928041,-1.8889915531206016,0.10277172218126204
0.0129557616374839,0.0077741011002000395,1.9177076072995323,0.10846561786880632,-1.9049781917602437,0.082867153840099003
0.026144259042980362,0.018573349230385266,1.9515955154317746,0.10234627782937827,-1.9477910077192717,0.044472075250849279
-0.0062020866464616818,-0.014297467789750596,1.9939611476376777,0.050005630250419986,-2.006274908870552,0.0040110903923304877
-0.019086435164376296,-0.025615121005760532,1.9991633388628784,0.026512515140086394,-2.0204693862021861,0.00086582832241624455
0.024379166200644065,0.018235013256818696,1.9357580429768886,0.020879230080999168,-1.9722322634923555,0.059468863534235812
0.025815467765753112,0.01795096615815199,1.9268225653221631,0.034321707462790133,-1.9592634687468553,0.064719964243117351
0.017272128480650739,0.0077858280701466383,1.9216430860768732,0.049959048323761635,-1.9477341127485728,0.064946996557740763
0.011407564871737308,0.0016373589019220622,1.9215487787029073,0.056699254526414299,-1.9440170859919326,0.062593401467399834
0.0062215094787817166,-0.0035573094026231933,1.9229226040459662,0.06210827264137786,-1.941815109681196,0.059147551706675398
0.0001993855364854258,-0.0093709753982895404,1.9253464576610178,0.066279177814030699,-1.9409049299132222,0.055085165179298762
-0.0075396520249858268,-0.016510922928534497,1.9311466184187165,0.071209132963834604,-1.9416271539796055,0.047491099780045898
-0.016528452111695954,-0.024121818892832065,1.943673488164243,0.074944993443918792,-1.9474110938242624,0.034042803842689782
-0.018553958856821297,-0.021848846223969869,1.9825032405819092,0.066644550703173475,-1.9730961286212951,0.0058778429467277269
-0.012050453182428738,-0.014160186553087989,1.9983982977175032,0.058074238085102751,-1.9838978713049158,-0.0021875153027820548
-0.0018893166842159975,-0.0032739762743622825,2.0168149279707284,0.045552382478429548,-1.9975976017089567,-0.010068514706205924
0.0031797725477031111,0.0018730052295552265,2.025789436271447,0.038540791581244967,-2.0042616356605856,-0.012747874845581198
0.0098356826282186022,0.0083964624149426813,2.0348870439529834,0.030793873366384117,-2.0109276236189633,-0.014332611209860817
0.018511275390006285,0.016352938508061892,2.0489860385435565,0.017140232001081657,-2.020774324733706,-0.01284971220753023
0.022383479247164238,0.01869099913400939,2.0588538357706878,0.0048552222160374399,-2.0263688580865598,-0.003652841242888942
0.017570757801396102,0.012734830931070149,2.0608904399321606,-0.00032455809767804661,-2.0254208330591381,0.0069874328630311787
0.014162249500689582,0.0089798245881482427,2.0602566354114216,-0.0017920378686974506,-2.0235891627237033,0.012211270258089621
0.0090659053435552771,0.0035875653153627654,2.0580276151157593,-0.0022434162511758282,-2.0199784722473786,0.019166622097675317
-0.0011834662053257648,-0.0067541728585876681,2.0508527270867214,-0.00013260284832359367,-2.0102306262073153,0.031556975960022139
-0.016636273203794186,-0.021365695002618073,2.0292462156768778,0.011918569317376459,-1.9880640016121929,0.049238387438854059
-0.023372966916781115,-0.026854355879164842,2.0074923805559695,0.026103513442644222,-1.9692140943022405,0.058643131478637436
-0.0080720214327665227,-0.0088949571418947288,1.9569573232227737,0.058795114130045296,-1.9335776860690841,0.058994217800543501
0.00024198282129349932,-0.00042778531838503738,1.9451991567517335,0.065420267501257512,-1.9270955202494118,0.052928649421273344
0.014148471470232068,0.013157963277579397,1.9283833649858289,0.072259916110590655,-1.921965256786599,0.035771132335994243
0.02086529494246352,0.019147672570618161,1.9215404329781089,0.070623445529806955,-1.9260387930506049,0.01929282635815548
0.01746427835545766,0.014822166704951586,1.9228045044643896,0.061497556620524925,-1.93790360347632,0.0032823897817401953
-0.017011314706057597,-0.019848055140591545,1.9688226767764543,0.023492885746959624,-1.9819159835169984,-0.015191812147770574
-0.022885832896781012,-0.025369120379030798,1.9843548041854695,0.016445585485913471,-1.9907658176987326,-0.011574108473505857
-0.024887306251933805,-0.02695451210115991,2.0008009304457683,0.011192627391666878,-1.9971107430610484,-0.0045436282747971781
-0.007793963701695405,-0.009580157028013658,2.0360724636140373,0.01197826470753844,-1.9983252523264827,0.020563707594566803
0.0016552440503909969,-0.00047867338124484037,2.0456127603382734,0.018125420826978683,-1.9930329419957278,0.02976005090014671
0.010737594371722392,0.0080586580717377145,2.051429514611435,0.025774906361885508,-1.9855017017341283,0.037750498852876346
0.015796891902487446,0.01268764957910282,2.0532720663219775,0.030576109175297569,-1.9799712221013355,0.04197074481401275
0.020640309157663499,0.016941469895835611,2.0539106213860818,0.037314030372168468,-1.9729076195997475,0.045913966281918038
0.023549720774907204,0.019209598091700229,2.0522407734925792,0.043861369783708824,-1.9665157229024972,0.048156986042836032
0.023901204743369205,0.01888773037710835,2.0478313002350439,0.050411002704318808,-1.9592787743793318,0.048933487902450133
0.020201873069255867,0.014594629882245197,2.041492874117492,0.055491641754697535,-1.9533767181544814,0.047676236572942468
0.015868506932605077,0.0099784868046584145,2.0349771091316571,0.05876936861957454,-1.9492587205597043,0.045229874814723604
0.010079638778304817,0.0040393867258912298,2.0267335097808874,0.061307148588345475,-1.9456481550231808,0.041056332922518243
0.0049295096743257136,-0.0010994789962594585,2.0196282437280995,0.062391375375486897,-1.9436592719170551,0.036725085637158504
-0.00042108628758969087,-0.0063286047095915026,2.0122644123783902,0.062549037612245395,-1.9424879072846004,0.031066879587729631
-0.0057181020559231802,-0.011404920385079684,2.003875088601109,0.061528194486063469,-1.9424763128659404,0.025557475707152187
-0.010718460526323524,-0.016097164447666488,1.997403345741676,0.059820916125662447,-1.943504938635489,0.019785933848087696
-0.016208022087130649,-0.021095917285431309,1.9884386054201757,0.055911564554465512,-1.9463357048293652,0.012455925398704527
-0.022033655621348906,-0.026006156189278394,1.9760536071796138,0.046809349228254735,-1.9531938724552387,0.0024795276499411439
-0.023593196887370313,-0.027007142680926369,1.970212848275271,0.040412676986381485,-1.9593368556871651,-0.0034520089403995077
-0.023712977285284893,-0.026529385333926861,1.9644729282338218,0.03212661507719955,-1.9657752902673848,-0.0082258230262272167
-0.021780486303052699,-0.024046739471738101,1.960698357432026,0.025060044390337068,-1.9729366781753357,-0.012413282185039861
-0.018035766476745874,-0.019835525823474857,1.9564716854308077,0.014308069241696978,-1.9816081287428877,-0.016301391351390894
-0.013300753061806515,-0.014791029932460379,1.9541665972852307,0.0053651761753451465,-1.9896571531727494,-0.018926477911702308
-0.0090893981504236443,-0.010456778602835278,1.9528943497980169,-0.0036992147594626761,-1.9978502409788559,-0.0206829063324423
-0.0025616518889991272,-0.0039355801096323372,1.9527785852052988,-0.013851471817724743,-2.0070467828156322,-0.021524974557176474
0.0034642263173770846,0.0019144428072121183,1.954115281023306,-0.023767022732244354,-2.0160272063665512,-0.021068880523366459
0.009263468745786721,0.0073952012445429463,1.9569703962952654,-0.033264067602844664,-2.0246128572381799,-0.019241820788474726
0.013958473668408852,0.011702011811795254,1.9613469963104733,-0.04219264688169027,-2.032657912334265,-0.016032000623996356
0.018443567325113774,0.015647547248244749,1.9672068606794093,-0.050412339765366701,-2.0400039152796707,-0.011460077387916297
0.021813360216839103,0.018383654023295899,1.9745064200213114,-0.057725498055136257,-2.0464515737195628,-0.0056168432576563327
0.024041379926024318,0.019729158172605371,1.9840068156408526,-0.064609575733843891,-2.0524046631091424,0.0020191465728065191
0.023710946395720911,0.018610331326560099,1.9945629730858845,-0.070040765002921196,-2.0569322067868652,0.010474619406359471
0.020974053944589916,0.015196828371130804,2.0035076959592004,-0.073246266609954203,-2.0594322411899717,0.017584471209700487
0.016361725855658843,0.010048691068271266,2.015019828084363,-0.075722002275964428,-2.061045700761071,0.026627249320126584
0.010052560117373243,0.0034211550209328149,2.0277572351802284,-0.076350003789028578,-2.0607481757912205,0.03644196072631075
0.0042399075420814104,-0.0024251060895418659,2.0379803027100287,-0.075134260586414051,-2.0587936181922775,0.044126499314255885
-0.0024510386734082007,-0.0089278729925353229,2.0499485808375368,-0.071447116149429737,-2.054267927050105,0.052838552671947502
-0.0076603476078582755,-0.013832692890387176,2.0581507076608982,-0.067282089165936795,-2.0495332043906913,0.058570010421000823
-0.01571710977596073,-0.021072159198769751,2.0702537042921425,-0.057919186914665084,-2.0393414230380911,0.066422562672688562
-0.019739108371829635,-0.024404657642688666,2.0782228260287239,-0.048695944663791485,-2.0297966670689722,0.07099152562961307
-0.022529072488493881,-0.026396244361990211,2.0836260134535669,-0.040345362218230013,-2.0203230733013156,0.073870426884662652
-0.023767168957371729,-0.026844701838161466,2.0885695362958447,-0.030205355129756497,-2.011435213510175,0.075363485333436522
-0.023132348365922966,-0.025264758508446245,2.0918774299408227,-0.020745183967838671,-2.0022946182084067,0.075784706799782789
-0.020628652330870131,-0.022044993335346111,2.0940952715334018,-0.011049876598387605,-1.9919128036167746,0.074902734800151749
-0.016574221939006217,-0.017382770864641729,2.0952430987733237,0.0011533354732969226,-1.9816274534314953,0.072546933547326012
-0.0098007233718357088,-0.010136660843451321,2.0942998988928103,0.014364287499170125,-1.9694490036094854,0.067713015609646723
-0.0020310319238544239,-0.0023082559371258296,2.0904846801486601,0.0281292690105669,-1.9570677399827605,0.059963821219141664
0.003288939805003009,0.0028362387662776161,2.0856710104348557,0.037789621588203169,-1.9486552600268239,0.052714141701046296
0.0090458396799871759,0.0082123601810134804,2.079145778593396,0.046708549621514862,-1.9411457000274293,0.044577659218777856
0.013701972839929983,0.012384086450663365,2.0729239611800292,0.053062447717424618,-1.9353297910233038,0.036834368804669428
0.018142370900423518,0.016134076195857099,2.0623557778267458,0.061114844027259946,-1.9298577030117139,0.027787063967852903
0.021160765185505782,0.018424123975024697,2.0525466904768801,0.066522314373867977,-1.9260274285860655,0.019631885279187165
0.023416505919486387,0.019636537905411876,2.0403534330191921,0.071401608177780865,-1.9229699538901099,0.010528415841584574
0.023493711550217115,0.018664849790044319,2.0257364633453059,0.075220976925402,-1.9212321291762999,0.00073502604168869802
0.020807945654548986,0.014903930711480863,2.0119344621448438,0.077124651320944204,-1.9212518997746952,-0.0075905085194128202
0.016937538200511099,0.010262379673981697,1.9962069968699501,0.077438256577156694,-1.9231290785106383,-0.016089365076289608
0.012177252021353929,0.004925327426964941,1.9835363737499034,0.076260034610322339,-1.9265399597654911,-0.022907010900351982
0.0073851407754674369,-0.00020072243288367484,1.9709488644374671,0.07377155482149117,-1.9309275126938086,-0.028218413155167741
0.001667217118224289,-0.0060985069930497536,1.9570522802955603,0.069384992478213017,-1.9365583481212583,-0.032735677331416128
-0.0040469135740360653,-0.011802378516933141,1.9435941068132969,0.063347295883342591,-1.9452744186077073,-0.037047136992735694
-0.0094086565709590193,-0.016984407522967322,1.9293472928669884,0.054781461515018864,-1.9544057365487326,-0.039546011387644783
-0.013617394389428755,-0.020907520194112877,1.9199602372828457,0.04766064957404919,-1.9621424658785716,-0.040526652456471503
-0.017454895041380553,-0.024299168805449932,1.9087340100015158,0.03735479850073737,-1.9726680400183336,-0.04048255958335481
-0.019855655979096335,-0.026206222439380013,1.8985667675494606,0.026051298079421255,-1.983597682368232,-0.038917771449411213
-0.021187840187348411,-0.026887276327728308,1.8905082178352677,0.015406729941143622,-1.9946844660423331,-0.035871646781094058
-0.020798296569455546,-0.025929231544723142,1.8834461287907074,0.0043985538605354757,-2.0032808791309544,-0.032486055106600124
-0.017770962782181814,-0.022155714806497886,1.8767754085008468,-0.0082047131941437954,-2.0141272428992361,-0.02692345554453348
-0.01367748283394599,-0.01752593736923826,1.8710488721637586,-0.022217286270885074,-2.025695233556926,-0.019494085295766319
-0.0075576792686243696,-0.010935408667309529,1.8672039975705932,-0.035969008172421782,-2.0365299946805502,-0.011147220059683303
-0.001934277074730205,-0.005088633142044106,1.8654371462562684,-0.04791251045212834,-2.0454818203376632,-0.0031596338731562632
0.0019393470457305479,-0.0011425845212010314,1.86518620270181,-0.055559505284015286,-2.0518284015433981,0.0031999711070210433
0.007669800872646175,0.0045930386570477016,1.8662478616785656,-0.066441027505259292,-2.0590917998810041,0.011380629838346316
0.012999208617617318,0.0098179857457162192,1.8695162866427137,-0.077545889146652641,-2.0652383619796284,0.019375122160791364
0.01760863072669569,0.014229036468664569,1.8743984626141255,-0.086507230004090691,-2.070160254844374,0.026994274480406266
0.021840143105202995,0.018111447078507807,1.8828811885960637,-0.09597656634584216,-2.0743689400731067,0.035545342557611999
0.024076449352328114,0.019903046801051733,1.8929376513992733,-0.10305907546112744,-2.0763405081511155,0.042366182893569887
0.023887693515910604,0.019293310998039832,1.9038435867831434,-0.10803111371336011,-2.0765083603880976,0.047561041136623322
0.021207100883531872,0.01622327226631089,1.9163396878513754,-0.11150301782781079,-2.0750762915905536,0.05172611024703877
0.017141685611215599,0.011856828008671702,1.9300911424483591,-0.11340436516954197,-2.0719876723460979,0.054749177012071902
0.012211158917802173,0.0067152158892889316,1.9447798411496715,-0.11366928844385511,-2.0672098601435485,0.056534868318109041
0.0066480561812364029,0.0010378848797290613,1.9601159607783529,-0.11223669683219396,-2.0607252371774352,0.056990482220734162
0.00077470900592130462,-0.0048577333833584556,1.9758369406275937,-0.10904951685110631,-2.0515907056446796,0.055873608459230381
-0.0044160060570360557,-0.010000519416891861,1.9917029068308354,-0.10407964684961934,-2.0428823446464954,0.053634644517672844
-0.011044957402896649,-0.016476980301892909,2.0109860316456882,-0.095611415844752676,-2.0292054614073094,0.048519873744900244
-0.016985864445314434,-0.022161383662958875,2.0314964316954569,-0.083481064353991913,-2.0126393869331221,0.040355735130543684
-0.020431732290925358,-0.025339920514663185,2.0462458240432282,-0.072575132831698155,-1.9979155484080482,0.031695595905076
-0.022049656521312376,-0.026687134342721613,2.0617825951962763,-0.05906847923720332,-1.9842811782338856,0.022836432741802897
-0.021966924285087737,-0.026347591913169561,2.0734404536150661,-0.047487973181557619,-1.9720628487820424,0.014370681723681743
-0.019019415297589545,-0.023137188516249296,2.0856136228850479,-0.033904431724226025,-1.9569014831727689,0.0033103270468636272
-0.014827267017737629,-0.018806938073840353,2.0966755437374158,-0.019980255755155538,-1.9450302748962303,-0.0057094627526719562
-0.0091527661458407419,-0.013085094924425359,2.1085285390868127,-0.0028387407004816364,-1.9293283807732446,-0.01805275036250235
0.0026539573015433781,-0.0014866028237320709,2.1235279424271649,0.024567163605988304,-1.9058819557526065,-0.037236822365531927
0.020740431906989355,0.013727643229883978,2.1177427808799054,0.10244138913983086,-1.8583172600879183,-0.078612105179106787
-0.018734839602706978,-0.024115778514177125,2.0283631291737421,0.09263978003048548,-1.9048257286722938,-0.036335355955296168
0.024577652384764261,0.019965610055458351,1.9232934109861464,-0.094038110667603494,-2.0755039749788375,0.08302833554887204
-0.021692475095263238,-0.026556081179128475,2.0329534670509055,-0.15159913515103077,-2.0536308038415969,0.010247919089673796
0.022986834012945451,0.01923549663376177,2.1052257157768417,0.0087539221282168112,-1.9128867852640337,-0.068335394922378223
-0.024025403523603404,-0.024546144583465674,1.9809002781954883,0.10928255191064157,-1.9384719078844925,0.035061481862473771
-0.0024827456417470914,-0.0026034182520599837,1.9300287079318106,0.090483528349012063,-1.9964390792645477,0.077503773345765123
0.0057439594062932819,0.0051189653930825835,1.9183481905586552,0.07795092909098765,-2.0150905193268094,0.087020204728541009
0.017632898736928512,0.015628480248296245,1.9040763493673245,0.051165536976814432,-2.0448313493031685,0.097972289791607145
0.024798571179879964,0.020558742694541415,1.89686454553879,0.016721751825195016,-2.0748861307544839,0.10182346979164093
0.023831255992540209,0.018261676919136504,1.8970401964490018,-0.0028901819737314643,-2.088081085194601,0.09973067615953024
0.018149775980684461,0.01148848910037709,1.9010159762037384,-0.025613051227058786,-2.100129810126885,0.094319034885254963
0.0053011294295708345,-0.0017849513953017307,1.914084398874826,-0.057841835726307828,-2.1134909316832338,0.079518011146378603
0.017738493894579793,0.018322405957430028,1.9986358641216082,-0.058697988565597436,-1.9882570610950674,0.017524984146943902
0.0089840728790932887,0.0070905029407297921,1.9815238417690459,-0.02296712642073491,-1.9775559406857044,0.034910768339500284
-0.0090092245954091314,-0.012182988738746839,1.9575980665158983,0.022414857390609742,-1.9775213344668139,0.055942835387995972
-0.01579414462952566,-0.018907399227097849,1.9497455164402664,0.037488330756791824,-1.9815860491505148,0.062059614960844153
-0.018704947354787102,-0.021687390667361462,1.9452433747484441,0.046430827180058337,-1.9852506929482618,0.065254783651398557
-0.023403840474276939,-0.02590331778738782,1.9381753337597996,0.061454062312565852,-1.9937985969209198,0.069492836794688206
-0.015024104719003716,-0.015153851791145376,1.9307316313574008,0.091889112986770147,-2.027788681418131,0.065026258648382254
0.0089181791722040306,0.0093617429389759796,1.9485375478405003,0.091178824813560044,-2.0533463279252424,0.03781765859929926
0.016095216213333256,0.01545420021528301,1.9842104291786171,0.050075206354860499,-2.0571603250365693,-0.0018654012351150702
0.010647439482545326,0.0098334017820316429,1.9903683112567923,0.039011883900663506,-2.0521836386369516,-0.0080177059972173434
0.0040729322840749827,0.0031927667913026286,1.9953121743125544,0.028141506725396746,-2.0451570795348291,-0.012746301683730305
-0.0044507077997712596,-0.0052679803999154239,1.9990372494794217,0.016912557221590931,-2.0344134208653313,-0.016040178089039708
-0.015197913095167442,-0.015720056874749415,2.0007699662762781,0.002152085013472773,-2.0176813670088598,-0.016100025128956148
-0.021403482573546219,-0.021608485525459669,1.9992814340673075,-0.0052193835899148801,-2.0060705542912922,-0.01351753659401435
-0.025924833259491895,-0.025716400358630018,1.9950090300984662,-0.012003918858567971,-1.9922312416488381,-0.0079181815431827764
-0.02695497341154553,-0.026140945913369695,1.9851612815690114,-0.017065050981501777,-1.973956095920109,0.0031058274502019346
-0.021795070437683077,-0.020692787211567819,1.9763052387482214,-0.017198743096585735,-1.9621194143998688,0.012282651926714476
-0.011130502745955831,-0.010198264124675782,1.9632537417373375,-0.012342667725236494,-1.9479173126980791,0.025858246711497716
0.0030375780459693203,0.0030424817712346821,1.9495833927015389,-0.00078356529374184396,-1.938457023364643,0.037942291777561359
0.023211506216453858,0.020033174400652498,1.9331421727238471,0.027495465352815697,-1.9368782836262808,0.051388070125536575
0.025524832271816962,0.021222169500718629,1.9314073788793644,0.035362469096764118,-1.9405303393157365,0.052108503038822487
0.025790153146312798,0.020656298845902789,1.9311120329481084,0.041303160770073899,-1.9446248243828972,0.051489502818671387
0.024747447157567565,0.018934807739489395,1.931573930866221,0.045473466663335169,-1.9482144139128836,0.050338779284842476
0.009490811134994899,0.0017987942556709979,1.943494116467321,0.061571178649165136,-1.9709543361310404,0.035935006447341274
-0.011708503442184699,-0.01837753919149825,1.9701866151546621,0.063829387678011121,-1.995111819787978,0.013414337784943185
-0.016257813028355845,-0.022212221054883366,1.9775350370461895,0.06160531138163286,-1.999914828504844,0.0081392884191021225
-0.020013422392002631,-0.025002627253942727,1.9876124099135009,0.056800962901560129,-2.0054638556284745,0.0014825813689472063
-0.022147783503490951,-0.025894918769315031,1.9973147121246693,0.050204346029548597,-2.0095721239243263,-0.0042111842330051904
-0.020595722425135299,-0.022762513076761755,2.0070762573088867,0.041591585728018951,-2.0121543217692954,-0.0090061061672388216
-0.015331409445104395,-0.016280246004574634,2.0162518430863661,0.031331759777120237,-2.0124365991897166,-0.01218423773775126
-0.0044182199557262786,-0.0044112695693151755,2.026192044155164,0.016054413672990486,-2.0076363966402266,-0.012399261371316573
0.021455446061815129,0.019903120419604403,2.0261870786634653,-0.013389909003150331,-1.9804236348042057,0.010223375037651024
0.018497684573792562,0.014149876845993883,2.0066572048592954,-0.016450999507314205,-1.9633385349145387,0.031232069280795825
0.010170839196346437,0.00486769181757937,1.9930246702063792,-0.011162735561449165,-1.9581841795884911,0.039851336924075199
0.0033843000778596456,-0.0022957369434680472,1.9841218005809356,-0.0051442556314267645,-1.9565010838602543,0.044389870244427365
-0.0023136069701366301,-0.0081441967399343267,1.9778667824004428,0.00028167767928152527,-1.9563711601342266,0.046811247981293672
-0.011611200239479128,-0.017414314364725961,1.966477683655228,0.012870871219674767,-1.9591312858108803,0.04910235296949008
-0.018329649976250879,-0.023806529962032745,1.9573321391964316,0.026543382045937074,-1.96588988920314,0.047565025329498488
-0.020846068182864379,-0.025696948363696719,1.9504518291908988,0.042441248524928706,-1.9778392357650634,0.040158557616615451
-0.015952953560612694,-0.020214791402596716,1.9487712175021752,0.054306432826507781,-1.9896061967016871,0.02964805382605248
-0.0084717853231975841,-0.012409209687059778,1.9504955671293183,0.062298556004685909,-1.9993364683763772,0.019223291957368181
0.00451671776301109,0.00071028237217496187,1.9584451873352295,0.070690721324802447,-2.0136920933167324,0.0010173789361690245
0.026194727934005731,0.021762422669846258,1.9895007398526023,0.065914182751332748,-2.030209214517348,-0.032495945208287538
0.02613105009743753,0.021408075200658939,1.9981340217793624,0.058762068969012544,-2.0294645706339929,-0.038912967113333127
0.020138545901840429,0.015303256022189073,2.0066429719885588,0.048874959132438292,-2.0254283542635716,-0.042680537179817415
0.013853425624334883,0.0091112772825070448,2.0118753045303994,0.040463191222889626,-2.0194040354947753,-0.043443695798510207
